BeerID,Name,Style,StyleID,Size(L),OG,FG,ABV,IBU,Color,BoilSize,BoilTime,BoilGravity,Efficiency,MashThickness,SugarScale,BrewMethod,PitchRate,PrimaryTemp,PrimingMethod,PrimingAmount,UserId
1,Vanilla Cream Ale,Cream Ale,45,21.77,1.055,1.013,5.48,17.65,4.83,28.39,75,1.038,70,N/A,Specific Gravity,All Grain,N/A,17.78,corn sugar,4.5 oz,116
2,Southern Tier Pumking clone,Holiday/Winter Special Spiced Beer,85,20.82,1.083,1.021,8.16,60.65,15.64,24.61,60,1.07,70,N/A,Specific Gravity,All Grain,N/A,N/A,N/A,N/A,955
3,Zombie Dust Clone - EXTRACT,American IPA,7,18.93,1.063,1.018,5.91,59.25,8.98,22.71,60,N/A,70,N/A,Specific Gravity,extract,N/A,N/A,N/A,N/A,
4,Zombie Dust Clone - ALL GRAIN,American IPA,7,22.71,1.061,1.017,5.8,54.48,8.5,26.5,60,N/A,70,N/A,Specific Gravity,All Grain,N/A,N/A,N/A,N/A,
5,Bakke Brygg Belgisk Blonde 50 l,Belgian Blond Ale,20,50,1.06,1.01,6.48,17.84,4.57,60,90,1.05,72,N/A,Specific Gravity,All Grain,N/A,19,Sukkerlake,6-7 g sukker/l,18325
6,Sierra Nevada Pale Ale Clone,American Pale Ale,10,24.61,1.055,1.013,5.58,40.12,8,29.34,70,1.047,79,N/A,Specific Gravity,All Grain,1,N/A,N/A,N/A,5889
7,Russian River Pliny the Elder (original),Imperial IPA,86,22.71,1.072,1.018,7.09,268.71,6.33,30.28,90,N/A,75,N/A,Specific Gravity,All Grain,N/A,N/A,N/A,N/A,1051
8,Spotted Clown (New Glarus Spotted Cow clone),Cream Ale,45,20.82,1.054,1.014,5.36,19.97,5.94,28.39,75,1.04,70,1.4,Specific Gravity,All Grain,N/A,N/A,corn sugar,4.2 oz,116
9,Chocolate Vanilla Porter,Robust Porter,129,22.71,1.06,1.016,5.77,31.63,34.76,30.28,75,1.042,73,N/A,Specific Gravity,All Grain,N/A,N/A,corn sugar,4 oz,116
10,Mango Habanero IPA,Imperial IPA,86,20.82,1.08,1.017,8.22,93.02,8.29,28.39,60,1.058,70,N/A,Specific Gravity,All Grain,N/A,21.11,Corn Sugar,4.6 oz / .66 C,
11,Bakke Brygg HveteIPA 25 L,American IPA,7,25,1.064,1.014,6.63,64.26,7.78,29,90,1.055,74,N/A,Specific Gravity,All Grain,1,18,Sukkerlake,6 5 g sukker/L,18325
12,Hop Notch Clone,American IPA,7,15.14,1.066,1.015,6.62,111,14.26,11.36,90,N/A,70,N/A,Specific Gravity,BIAB,N/A,N/A,N/A,N/A,
13,Racer 5 IPA Clone,American IPA,7,20.82,1.073,1.019,7.07,69.72,6.28,28.39,60,N/A,70,N/A,Specific Gravity,All Grain,N/A,N/A,N/A,N/A,
14,Sam Adams Rebel IPA Clone,American IPA,7,18.93,1.066,1.017,6.51,60.96,10.54,11.36,60,1.11,30,N/A,Specific Gravity,extract,0.35,18.33,N/A,N/A,23595
15,White IPA,American IPA,7,37.85,1.064,1.017,6.2,64.67,3.91,34.07,60,1.071,70,1.2,Specific Gravity,All Grain,N/A,N/A,N/A,N/A,
16,Pilsner Urquell BYO clone,Bohemian Pilsener,31,41.64,1.051,1.013,4.92,36.8,3.61,49.21,60,N/A,75,N/A,Specific Gravity,All Grain,N/A,N/A,N/A,N/A,
17,Tank 7 Clone,Saison,134,20.82,1.073,1.015,7.63,44.94,6.25,28.39,60,1.054,70,N/A,Specific Gravity,BIAB,N/A,N/A,Corn Sugar,4oz,5100
18,Bells two hearted clone,American IPA,7,20.82,1.073,1.018,7.14,61.83,8.1,24.61,60,1.061,75,N/A,Specific Gravity,All Grain,0.75,18.33,N/A,N/A,955
19,New Glarus Fat Squirrel Clone,Northern English Brown,113,20.82,1.046,1.01,4.61,13.64,12.56,28.39,90,1.033,70,N/A,Specific Gravity,All Grain,N/A,16.67,Priming Sugar,Std (5 Oz.),
20,Avg. Perfect Northeast IPA (NEIPA),American IPA,7,21.77,1.062,1.013,6.5,53.3,5.2,28.39,60,1.048,70,1.25,Specific Gravity,All Grain,N/A,N/A,Keg - Force Carb.,N/A,
21,Goose Island IPA Clone,English IPA,65,20.82,1.065,1.015,6.63,55.52,9.47,28.39,60,1.048,75,1.5,Specific Gravity,All Grain,N/A,17.78,N/A,N/A,5889
22,Ballast Point Sculpin Ale Clone,Imperial IPA,86,45.42,1.084,1.02,8.43,79.28,6.26,51.1,60,1.075,90,1.25,Specific Gravity,All Grain,1,20.56,N/A,N/A,20984
23,Brooklyn Sorachi Ace,Saison,134,18.93,1.082,1.013,9.1,0,4.1,21.58,60,N/A,72,N/A,Specific Gravity,All Grain,N/A,N/A,N/A,N/A,
24,Lagunitas IPA Clone,English IPA,65,20.82,1.061,1.014,6.17,56.65,5.85,28.39,60,1.045,75,N/A,Specific Gravity,All Grain,N/A,N/A,N/A,N/A,5889
25,NEIPA Hoppy ( juicy) -  Braumeister 20L,American IPA,7,21,1.062,1.014,6.29,53.57,5.21,25,70,1.052,73,N/A,Specific Gravity,BIAB,0.75,20,N/A,N/A,54364
26,Dale's Pale Ale Clone,American Pale Ale,10,18.93,1.067,1.017,6.6,0,11.69,18.93,60,N/A,75,N/A,Specific Gravity,All Grain,N/A,N/A,N/A,N/A,
27,IPA - Tired Hands Milkshake,American IPA,7,24.61,1.058,1.017,5.34,57.84,3.98,28.39,60,1.05,83,N/A,Specific Gravity,BIAB,0.5,18.33,N/A,N/A,16332
28,Bakke Brygg Julelager 20 l,Traditional Bock,163,20,1.065,1.018,6.22,27.12,16.66,25,90,1.052,70,N/A,Specific Gravity,All Grain,N/A,10,Sukkerlake,6 gram sukker pr l,18325
29,Grapefruit IPA,American IPA,7,26.5,1.052,1.012,5.31,60.58,5.82,32.18,60,1.043,70,1.3,Specific Gravity,All Grain,0.75,20.56,N/A,N/A,
30,Bakke Brygg Robust Porter 50 l,Robust Porter,129,50,1.058,1.014,5.76,39,38.71,58,60,1.05,71,N/A,Specific Gravity,All Grain,N/A,18,Sukkerlake,5 5 g sukker/l,18325
31,Heineken Lager Clone,Premium American Lager,124,48,1.049,1.008,5.41,24.28,3.3,60,90,1.039,75,2.5,Specific Gravity,All Grain,1.5,11,N/A,N/A,40623
32,Mosaic IPA,American IPA,7,18.93,1.074,1.018,7.24,0,7.68,22.71,60,N/A,75,N/A,Specific Gravity,All Grain,N/A,N/A,N/A,N/A,35054
33,New England IPA,American IPA,7,19.87,1.071,1.018,6.93,68.91,6.82,28.39,60,1.05,72,1.5,Specific Gravity,All Grain,1,20,N/A,N/A,25649
34,Tree House Julius Clone,American IPA,7,20.82,1.065,1.018,6.26,89.61,6.93,28.39,60,1.045,70,1.32,Specific Gravity,All Grain,0.5,20.56,N/A,N/A,
35,Breck Vanilla Porter Clone,Robust Porter,129,22.71,1.053,1.012,5.38,0,46.1,31.95,60,N/A,72,N/A,Specific Gravity,All Grain,N/A,N/A,N/A,N/A,
36,The Devil is in the Details (Duvel Clone)...,Belgian Golden Strong Ale,23,41.64,1.069,1.005,8.4,40.71,3.11,49.21,90,1.058,80,1.5,Specific Gravity,All Grain,1,17.78,Force Carb,30 PSI,15241
37,Cascade Pale Ale,American Pale Ale,10,20.82,1.049,1.009,5.24,40.86,3.79,26.5,60,N/A,75,N/A,Specific Gravity,All Grain,N/A,N/A,N/A,N/A,
38,Brewdog Punk IPA clone,American IPA,7,46,13.9618,3.4853,5.65,37.62,4.96,55,90,11.8,75,3.3,Plato,All Grain,1,18,Force carb,N/A,
39,Rochefort 8 Clone,N/A,111,18.93,1.079,1.019,7.9,0,29.4,24.26,60,N/A,65,N/A,Specific Gravity,All Grain,N/A,N/A,N/A,N/A,
40,Trillium Inspired Pale Ale Clone,Double IPA,56,20.82,1.07,1.015,7.22,78.14,5.67,26.5,60,1.05,60,1.3,Specific Gravity,All Grain,1,17.78,Forced Carbonation,N/A,50283
41,Mango Blonde Ale v2.2,Blonde Ale,30,22.71,1.043,1.007,4.7,19.68,3.82,28.16,90,1.035,75,N/A,Specific Gravity,BIAB,N/A,16.67,N/A,N/A,56565
42,Strawberry Blonde Ale,Blonde Ale,30,18.93,1.06,1.016,5.83,27.15,5.18,13.25,60,N/A,35,N/A,Specific Gravity,extract,N/A,N/A,N/A,N/A,
43,Vanilla Caramel Cream Ale,Cream Ale,45,18.93,1.055,1.014,5.43,33.67,10.08,15.14,60,N/A,70,N/A,Specific Gravity,extract,N/A,N/A,N/A,N/A,
44,Coors Light Clone,Light American Lager,100,20.82,1.036,1.008,3.7,29.37,2.83,11.36,60,N/A,70,N/A,Specific Gravity,extract,N/A,N/A,N/A,N/A,
45,Samuel Adams - Boston Lager Clone,German Pilsner (Pils),81,20.82,1.05,1.013,4.93,43.66,9.89,13.25,60,1.079,70,N/A,Specific Gravity,Partial Mash,1.5,10,DME boiled in 2 cups water,6.50 oz,20681
46,Caribou Slobber (All Grain),American Brown Ale,6,22.71,1.056,1.014,5.57,35.32,20.59,30.28,60,1.042,80,N/A,Specific Gravity,BIAB,1,19.44,N/A,N/A,5889
47,Bakke Brygg Havrestout 20 l,Oatmeal Stout,114,20,1.059,1.019,5.21,37.34,42.09,24,90,1.049,75,N/A,Specific Gravity,All Grain,N/A,19,Sukkerlake,5 g sukker/l,18325
48,Southern Tier Cr�me Br�l�e Clone,Specialty Beer,145,20.82,1.096,1.024,9.48,112.51,40,11.36,60,N/A,30,N/A,Specific Gravity,extract,N/A,N/A,Corn Sugar,118 grams,1116
49,Nugget Nectar Clone,American Amber Ale,4,18.93,1.075,1.009,7.5,0,8.48,22.71,90,N/A,70,N/A,Specific Gravity,All Grain,N/A,N/A,N/A,N/A,
50,Bakke Brygg K�lsch 20 l,K�lsch,94,20,1.046,1.009,4.84,23.22,2.85,25,90,1.037,73,N/A,Specific Gravity,BIAB,1.25,16,N/A,N/A,18325
51,Kronenbourg Blanc clone (�t� dans un verre...,Witbier,175,18.93,1.051,1.012,5.22,18.67,3.67,27.78,60,1.035,68,1.25,Specific Gravity,All Grain,0.75,20,N/A,N/A,13114
52,Simple Citra IPA - One Gallon,American IPA,7,3.79,1.058,1.011,6.1,37.06,11.45,5.68,60,1.039,55,1.5,Specific Gravity,All Grain,0.35,18.33,N/A,N/A,45128
53,Hoegaarden Clone,Weizen/Weissbier,170,20.82,1.052,1.013,5.18,13.5,4.05,28.39,60,1.038,70,1.5,Specific Gravity,All Grain,N/A,21.11,N/A,N/A,
54,Holy Water - Trappist Single,Trappist Single,165,21,1.053,1.012,5.39,35.13,3.6,29,90,1.039,75,5.154,Specific Gravity,All Grain,N/A,20,N/A,N/A,5560
55,Blood Orange IPA Clone,American IPA,7,19.87,1.064,1.015,6.47,56.62,8.23,29.34,60,1.043,70,1.35,Specific Gravity,All Grain,N/A,21.11,N/A,N/A,
56,Biermuncher's Centennial Blonde,Blonde Ale,30,20.82,1.041,1.011,3.83,21.02,3.73,24.61,60,N/A,70,N/A,Specific Gravity,All Grain,N/A,N/A,Corn Sugar,4.1 oz,
57,Julius | Tree House Brewing (approximation) ...,American IPA,7,21,1.067,1.015,6.81,69.73,5.59,25,70,1.053,73,N/A,Specific Gravity,BIAB,0.75,20,N/A,N/A,54364
58,Bert's Boneyard RPM IPA Clone,American IPA,7,18.93,1.068,1.016,6.76,0,6.81,18.93,60,N/A,75,N/A,Specific Gravity,Partial Mash,N/A,N/A,N/A,N/A,
59,Bakke Brygg Imperial Stout 20 L,Russian Imperial Stout,132,20,1.098,1.025,9.67,69.25,50,24,90,1.082,65,N/A,Specific Gravity,All Grain,1,18,Sukkerlake,5 5 g sukker/L,18325
60,Red Trolley Clone,American Amber Ale,4,20.82,1.06,1.016,5.71,17.56,29.6,27.44,60,1.045,75,N/A,Specific Gravity,All Grain,1.25,20,corn sugar,5 oz,365
61,New England IPA,American IPA,7,21.77,1.066,1.018,6.31,92.1,4.82,26.5,60,1.054,75,1.5,Specific Gravity,All Grain,N/A,18.89,N/A,N/A,
62,West coast ipa,American IPA,7,18.93,1.062,1.016,6.13,66,6.97,22.71,60,1.052,51,N/A,Specific Gravity,Partial Mash,N/A,N/A,N/A,N/A,
63,Founders Porter clone,Robust Porter,129,20.82,1.062,1.015,6.06,34.61,40,26.5,90,1.048,70,1.5,Specific Gravity,All Grain,N/A,19.44,N/A,N/A,1051
64,Dreaded Jake Porter - Robust Porter,Robust Porter,129,49.21,1.063,1.015,6.32,36.3,33.24,49.21,60,1.063,75,N/A,Specific Gravity,All Grain,N/A,N/A,N/A,N/A,14477
65,Bavarian Hefeweizen,Weizen/Weissbier,170,19.87,1.044,1.011,4.45,12.35,3.65,27.44,90,1.032,65,N/A,Specific Gravity,BIAB,0.75,16.67,N/A,N/A,993
66,Milkshake Style IPA Clone,American IPA,7,22.71,1.078,1.025,7.05,60.66,7.06,26.5,60,1.061,70,N/A,Specific Gravity,BIAB,0.5,21.11,N/A,N/A,
67,Siddhartha of Suburbia Saison,Saison,134,20.82,1.072,1.013,7.66,31.43,6.24,26.5,60,1.056,70,N/A,Specific Gravity,All Grain,N/A,N/A,N/A,N/A,1186
68,Oatmeal Cookie Ale,American Brown Ale,6,11.73,1.056,1.014,5.53,0,18.8,15.07,90,N/A,73,N/A,Specific Gravity,All Grain,N/A,N/A,N/A,N/A,
69,Clone - Firestone Wookey Jack - Black Rye IP...,Specialty IPA: Black IPA,148,37.85,1.085,1.027,7.62,71.13,39.95,45.42,90,1.071,75,N/A,Specific Gravity,All Grain,N/A,N/A,N/A,N/A,8348
70,Paulaner clone,Weizen/Weissbier,170,140.06,1.05,1.013,4.82,15.47,6.79,147.63,60,1.047,63,N/A,Specific Gravity,All Grain,N/A,N/A,N/A,N/A,1164
71,Classic German Hefe Weissbier,Weizen/Weissbier,170,18.93,1.056,1.014,5.5,0,3.99,18.93,60,N/A,75,N/A,Specific Gravity,All Grain,N/A,N/A,N/A,N/A,
72,Hazy Juicy IPA,American IPA,7,22.71,1.062,1.012,6.51,121.43,4.26,26.5,60,1.053,70,1.5,Specific Gravity,All Grain,N/A,17.22,N/A,N/A,
73,Nutella Stout,Sweet Stout,162,19.87,1.054,1.015,5.11,31.84,35.08,15.14,60,N/A,70,N/A,Specific Gravity,extract,N/A,N/A,N/A,N/A,1279
74,Syntax Error IPA II,American IPA,7,42,1.068,1.013,7.2,105.67,7.77,52,60,1.055,68,2,Specific Gravity,All Grain,N/A,19,N/A,N/A,
75,1664 Blanc Clone,Witbier,175,25,1.057,1.012,5.87,23.21,3.11,35,90,1.041,83,4.69,Specific Gravity,All Grain,0.75,N/A,N/A,N/A,
76,Founders Brewing Co. - Dirty Bastard Clone...,Strong Scotch Ale,160,20.82,1.087,1.022,8.56,85.74,24.85,13.25,60,1.137,75,N/A,Specific Gravity,All Grain,0.5,20,Corn Sugar,N/A,20681
77,Belgian Wit,Witbier,175,20.82,1.05,1.013,4.85,20.08,3.33,28.39,90,1.037,75,N/A,Specific Gravity,All Grain,0.75,N/A,N/A,N/A,
78,Pliny the Younger Clone,Imperial IPA,86,22.71,1.102,1.023,10.34,136.21,6.34,30.28,90,1.076,80,2,Specific Gravity,All Grain,0.75,16.67,N/A,N/A,5889
79,Belgian Strong Pale - La Chouffe,Belgian Golden Strong Ale,23,18.93,1.07,1.008,8.14,31.39,4.28,25.97,90,1.051,70,1.33,Specific Gravity,All Grain,N/A,20,force carb,19 psi @  50f,
80,Bill's Double Chocolate Milk Stout,Sweet Stout,162,20.82,1.066,1.021,5.87,37.61,41.27,24.61,60,1.056,65,1.25,Specific Gravity,All Grain,0.5,N/A,N/A,N/A,18590
81,Fat Head's Headhunter IPA Clone,American IPA,7,41.64,1.072,1.014,7.52,87.48,7.3,49.21,90,1.061,65,1.3,Specific Gravity,All Grain,0.75,20,Force Carb,12 psi,15241
82,Orange Mohawk (Shock top clone),Witbier,175,41.64,1.052,1.013,5.22,16.79,4.31,49.21,90,1.044,73,1.5,Specific Gravity,All Grain,0.5,20,N/A,N/A,15241
83,Jamil's Tripel,Belgian Tripel,26,19.87,1.092,1.017,9.85,36.65,5.14,25.55,90,1.072,70,N/A,Specific Gravity,BIAB,N/A,N/A,N/A,N/A,993
84,Chocolate Imperial Stout,American Stout,12,20.82,1.096,1.026,9.16,33.18,40,18.93,60,N/A,70,N/A,Specific Gravity,extract,N/A,N/A,N/A,N/A,453
85,Green Flash West Coast IPA Clone,American IPA,7,22.71,1.072,1.016,7.27,0,9.3,28.39,60,N/A,65,N/A,Specific Gravity,All Grain,N/A,N/A,N/A,N/A,
86,Leffe Blonde Clone v2,Belgian Pale Ale,24,18.93,1.07,1.02,6.47,23.28,5.93,7.57,60,1.174,50,N/A,Specific Gravity,extract,0.35,21.11,N/A,N/A,19124
87,Easy Imperial IPA (Double IPA),Imperial IPA,86,20.82,1.079,1.014,8.51,120.63,8.08,27.63,60,1.059,75,1.5,Specific Gravity,All Grain,1.25,18.89,N/A,N/A,26578
88,Zatarain's Root Beer - Non-Alcoholic  keg in...,N/A,111,18.93,1.046,1.013,4.27,0,3.99,11.36,0,1.077,100,N/A,Specific Gravity,BIAB,N/A,N/A,N/A,N/A,993
89,Bakke Brygg Tsjekkisk Pilsner 25 l,Bohemian Pilsener,31,25,1.05,1.013,4.88,40.51,3.5,30,90,1.042,72,N/A,Specific Gravity,All Grain,N/A,10,Sukkerlake,6 g sukker/l,18325
90,Summer Citra K�lsch (a successful experimen...,K�lsch,94,20.82,1.049,1.012,4.84,25.23,3.79,28.39,90,N/A,68,N/A,Specific Gravity,All Grain,N/A,N/A,Dextrose,3oz,
91,Shiner Bock,Dark American Lager,52,20.82,1.043,1.011,4.14,13.22,17.67,28.39,90,N/A,85,N/A,Specific Gravity,All Grain,1.75,12.22,N/A,N/A,10445
92,Bakke Brygg Pale Ale 5 l,American Pale Ale,10,5,1.054,1.011,5.61,40.55,5.66,7,60,1.038,72,N/A,Specific Gravity,All Grain,N/A,18,Sukkerlake,6 g sukker/l,18325
93,The Headless Horsemen Imperial Pumpkin Ale...,Holiday/Winter Special Spiced Beer,85,18.93,1.083,1.02,8.36,101.71,15.51,11.36,60,N/A,70,N/A,Specific Gravity,extract,N/A,N/A,N/A,N/A,
94,Dry Irish Stout: Guinness Clone,Dry Stout,58,45.42,1.044,1.01,4.39,38.47,31.4,53,60,1.038,80,1.5,Specific Gravity,All Grain,1,18.89,N/A,N/A,5889
95,Kronenbourg 1664 Blanc klone,Witbier,175,23,1.052,1.011,5.36,18.92,3.26,29,90,1.041,75,5,Specific Gravity,All Grain,1,18,Sukker,8,
96,Jumpin' Jalape�o Saison,Saison,134,3.79,1.056,1.012,5.73,26.51,9.94,4.73,60,N/A,70,N/A,Specific Gravity,All Grain,N/A,N/A,N/A,N/A,2824
97,NEIPA,American IPA,7,24.61,1.058,1.015,5.73,42.52,5.6,28.39,60,1.05,65,1.5,Specific Gravity,All Grain,N/A,N/A,N/A,N/A,
98,Belgian Saison - Farmhouse Style Ale,Saison,134,18.93,1.055,1.014,5.43,16.73,2.84,15.14,60,1.069,70,N/A,Specific Gravity,Partial Mash,N/A,N/A,Sugar,3/4 cup,390
99,Cigar City Jai Alai Clone,Imperial IPA,86,20.82,1.075,1.019,7.89,97.11,11.3,28.39,75,1.055,70,1.33,Specific Gravity,All Grain,0.35,18.33,N/A,N/A,14793
100,Cold Smoke Clone,Strong Scotch Ale,160,18.93,1.066,1.019,6.18,19,19.42,13.25,60,N/A,70,N/A,Specific Gravity,extract,N/A,N/A,N/A,N/A,
101,Rochefort 10 clone,Belgian Dark Strong Ale,21,19,1.096,1.01,11.3,27,20.93,22,90,1.062,74,2.75,Specific Gravity,All Grain,0.75,22,N/A,N/A,
102,Elvis juice v2.0,American IPA,7,20,1.059,1.01,6.45,32.49,6.76,25,60,1.047,70,N/A,Specific Gravity,All Grain,N/A,19,N/A,N/A,
103,Bud Light Clone,Light American Lager,100,18.93,1.04,1.009,4.11,16.34,2.1,5.68,60,1.134,50,N/A,Specific Gravity,extract,N/A,18.33,N/A,N/A,18665
104,White House Honey Ale (Official Recipe),American Amber Ale,4,20.82,1.06,1.017,5.63,27.73,8.87,11.36,50,N/A,30,N/A,Specific Gravity,extract,N/A,N/A,Dextrose,3/4 Cup,
105,Seizoen Pompoen  (Pumpkin Saison),Saison,134,18.93,1.062,1.007,7.2,0,13,24.68,60,N/A,72,N/A,Specific Gravity,All Grain,N/A,N/A,N/A,N/A,
106,Chocolate Peanut Butter Oatmeal Stout,Oatmeal Stout,114,20.82,1.069,1.02,6.39,34.93,40,28.39,60,1.051,70,1.25,Specific Gravity,All Grain,0.35,20,N/A,N/A,345
107,Weg Farmhouse Ale,Saison,134,45.42,1.051,1.012,5.19,32.59,5.63,53,60,1.044,65,N/A,Specific Gravity,All Grain,0.75,21.11,N/A,N/A,2125
108,Nelson Sauvin SMaSH,American Pale Ale,10,18.93,1.053,1.015,5.03,44.04,3.59,22.71,60,N/A,72,N/A,Specific Gravity,All Grain,N/A,N/A,N/A,N/A,737
109,Traditional German Hefeweizen,Weizen/Weissbier,170,45.42,1.051,1.012,5.13,8.74,3.66,53,90,N/A,72,N/A,Specific Gravity,All Grain,N/A,N/A,N/A,N/A,380
110,Juana Pe�a - Columbus - Mosaic IPA,American IPA,7,22.71,1.058,1.009,6.42,39.52,3.69,27.44,60,1.048,78,1.33,Specific Gravity,All Grain,0.35,18.33,N/A,N/A,
111,Fresh Squeezed Clone,American IPA,7,20.82,1.066,1.018,6.24,68.07,11.58,26.5,60,1.052,77,1.25,Specific Gravity,All Grain,N/A,N/A,N/A,N/A,
112,Bells Brewery - Oberon Clone,American Wheat or Rye Beer,15,19.87,1.057,1.014,5.64,28.66,6.38,13.25,60,1.085,70,N/A,Specific Gravity,Partial Mash,0.75,20,Corn Sugar,N/A,20681
113,Brooklyn Lager clone,Vienna Lager,167,5,1.06,1.017,5.65,34.79,11.92,7,60,1.043,57,N/A,Specific Gravity,All Grain,N/A,19,N/A,N/A,
114,Bakke Brygg Tysk Pilsner 20 l,German Pilsner (Pils),81,20,1.048,1.01,4.97,36.19,2.77,25,90,1.038,73,N/A,Specific Gravity,All Grain,N/A,10,N/A,N/A,18325
115,Talus A Trippel like... BIPA,Belgian Golden Strong Ale,23,53,1.075,1.009,8.59,71.69,6.78,53,90,1.075,77,N/A,Specific Gravity,All Grain,1.25,26.67,N/A,N/A,2125
116,Bakke Brygg American IPA 40 l,American IPA,7,40,1.065,1.012,6.88,65.04,6.75,50,60,1.052,70,N/A,Specific Gravity,All Grain,N/A,18,Sukkerlake,120g,18325
117,Bass Ale Clone,Special/Best/Premium Bitter,144,20.82,1.052,1.015,4.8,31.71,13.23,27.44,60,N/A,75,N/A,Specific Gravity,All Grain,N/A,N/A,N/A,N/A,365
118,Dogfish Head Brewery - Dogfish Head 60 Minut...,American IPA,7,20.82,1.064,1.018,6.03,70.74,9.01,13.25,60,1.1,70,N/A,Specific Gravity,Partial Mash,0.75,20,Corn Sugar,N/A,20681
119,Blonde Stout,Experimental Beer,67,20.82,1.083,1.023,7.86,54.32,6.53,15.14,60,1.114,75,N/A,Specific Gravity,Partial Mash,0.75,21.11,Corn Sugar,N/A,20681
120,FAT YAK,American Pale Ale,10,20,1.055,1.014,5.46,35.01,8.06,25,60,N/A,75,N/A,Specific Gravity,All Grain,N/A,N/A,FORCED CARB,N/A,1752
121,Delirium Tremens clone,Belgian Golden Strong Ale,23,19,1.09,1.022,8.97,31.75,5.64,24,90,1.071,70,2.43,Specific Gravity,All Grain,1,21,Inverted sugar,10g/L,
122,Founder's Brewing's Breakfast Stout Clone...,Oatmeal Stout,114,20.82,1.072,1.01,8.11,49.59,40,11.36,60,N/A,70,N/A,Specific Gravity,extract,N/A,N/A,Forced Carbonation,3 weeks (min.) at 8 psig,316
123,Smithwick's Irish Ale,Irish Red Ale,92,18.93,1.046,1.011,4.5,0,16.76,24.61,75,N/A,75,1.42,Specific Gravity,All Grain,N/A,N/A,N/A,N/A,
124,Bakke Brygg JuleAle 2015 20 l,Old Ale,116,20,1.074,1.018,7.35,46.73,24.51,23,60,1.064,68,N/A,Specific Gravity,BIAB,N/A,19,Sukkerlake,5 g sukker/l,18325
125,Sierra Nevada Pale Ale Clone,American IPA,7,18.93,1.056,1.013,5.57,43.02,10.33,11.36,60,N/A,75,N/A,Specific Gravity,extract,N/A,N/A,N/A,N/A,
126,Treehouse Julius,American IPA,7,20.82,1.066,1.015,6.7,76.06,7.32,27.94,60,1.049,72,1.3,Specific Gravity,All Grain,0.75,18.89,N/A,N/A,12244
127,Founders All Day IPA Clone,American Pale Ale,10,18.93,1.052,1.01,5.55,45.2,8.14,21.77,60,1.046,67,1.5,Specific Gravity,All Grain,0.5,18.33,N/A,N/A,
128,All Grain American Honey Wheat,American Wheat or Rye Beer,15,18.93,1.06,1.014,5.97,28.02,3.76,18.93,60,N/A,70,N/A,Specific Gravity,All Grain,N/A,N/A,N/A,N/A,718
129,Dreaded Christmas Ale -SBA,Holiday/Winter Special Spiced Beer,85,45.42,1.066,1.017,6.42,16.31,20.3,53,75,1.048,75,N/A,Specific Gravity,All Grain,N/A,N/A,N/A,N/A,14477
130,Lagunitas Brewing Co.- Lagunitas IPA Clone...,American IPA,7,20.82,1.059,1.015,5.82,73.67,7.22,13.25,60,1.093,70,N/A,Specific Gravity,Partial Mash,0.75,21.11,Corn Sugar,N/A,20681
131,NEIPA | Tired Hands Milkshake (approximation...,Double IPA,56,21,1.066,1.017,6.42,63.89,6.22,25,70,1.05,72,N/A,Specific Gravity,BIAB,1,18,N/A,N/A,54364
132,Grapefruit Honey Ale,American IPA,7,3.79,1.057,1.016,5.38,46.29,7.1,4.73,60,N/A,70,N/A,Specific Gravity,All Grain,N/A,N/A,honey,3 tablespoons,2824
133,Campfire Stout,Oatmeal Stout,114,18.93,1.116,1.029,11.44,113.19,40,15.52,60,N/A,70,N/A,Specific Gravity,Partial Mash,N/A,N/A,N/A,N/A,
134,Hill Farmstead Edward Clone,American Pale Ale,10,10.6,1.054,1.013,5.32,51.73,4.65,14.38,60,1.04,70,1.5,Specific Gravity,All Grain,0.75,17.78,N/A,N/A,
135,Oatmeal IPA,American IPA,7,19.87,1.061,1.008,6.92,48.4,10.53,28.39,90,N/A,60,N/A,Specific Gravity,All Grain,1,20,N/A,N/A,9916
136,Goose Island 312,American Wheat or Rye Beer,15,18.93,1.045,1.012,4.21,20.55,3.73,24.61,60,N/A,70,N/A,Specific Gravity,extract,N/A,N/A,corn sugar,4 oz,
137,Cascadian Dark Ale (Black IPA),American IPA,7,45.42,1.067,1.017,6.64,113.49,31.85,64.35,90,N/A,70,N/A,Specific Gravity,All Grain,N/A,N/A,N/A,N/A,380
138,Rebel IPA,American IPA,7,20.82,1.061,1.011,6.58,37.83,9.38,28.39,60,1.045,75,1.5,Specific Gravity,All Grain,1,15.56,N/A,N/A,5889
139,ESB (Single hop: EKG),Extra Special/Strong Bitter (ESB),68,10,1.057,1.014,5.75,34.85,9.74,12,70,1.048,80,N/A,Specific Gravity,All Grain,0.75,19,Dextrose,N/A,
140,Great Lakes Christmas Ale Clone,Winter Seasonal Beer,174,22.71,1.072,1.017,7.31,28.98,11,30.7,60,1.053,70,N/A,Specific Gravity,BIAB,0.35,21.11,N/A,N/A,39433
141,Bell's Two Hearted Ale Clone,American IPA,7,20.82,1.067,1.014,7,50.85,5.6,28.39,60,1.049,75,N/A,Specific Gravity,All Grain,N/A,N/A,N/A,N/A,5889
142,Pale Ale - Bee's Knees Haus Pale - 10 gal...,American Pale Ale,10,37.85,1.049,1.01,5.06,33.49,8.76,41.64,60,1.044,85,1.25,Specific Gravity,All Grain,0.75,18.33,N/A,N/A,16332
143,Rochefort 10 clone,Belgian Dark Strong Ale,21,20.82,1.109,1.027,10.72,46.81,40,27.44,90,N/A,75,N/A,Specific Gravity,All Grain,N/A,N/A,N/A,N/A,955
144,Bakke Brygg JuleAle 2016 20 l,American Brown Ale,6,20,1.064,1.014,6.54,42.06,20.91,25,90,1.051,69,3,Specific Gravity,All Grain,1,17,Sukkerlake,5 5 g sukker/liter,18325
145,Blitz Weinhard Clone,Standard American Lager,156,41.64,1.042,1.01,4.23,10.98,3.21,49.21,90,N/A,72,N/A,Specific Gravity,All Grain,N/A,N/A,CO2,Keg @ 10 psi,
146,Wake n Bake - Double Espresso Imperial Oatme...,American Stout,12,20.06,1.076,1.021,7.61,64.24,39.37,26.5,60,N/A,70,N/A,Specific Gravity,All Grain,N/A,N/A,Add in last 5 of boil,32 oz,737
147,Erdinger clone,Weizen/Weissbier,170,19.87,1.042,1.011,4.14,16.71,3.66,17.03,60,1.049,35,N/A,Specific Gravity,extract,N/A,18.33,Corn Sugar,8.9 ounce,4183
148,Speedway Stout Clone,Russian Imperial Stout,132,14.2,1.124,1.024,13.24,69.09,40,23.66,90,1.075,80.1,1.5,Specific Gravity,All Grain,N/A,20,N/A,N/A,
149,Al's Amber Bock Clone,Traditional Bock,163,20.82,1.072,1.019,6.87,27.11,20.88,26.5,60,1.056,75,N/A,Specific Gravity,All Grain,2,10,corn sugar,N/A,365
150,Jeremy Corbeeryn (Hoppy Red Ale),American Amber Ale,4,28,1.055,1.012,5.82,44.62,18.72,28,30,1.055,75,N/A,Specific Gravity,BIAB,0.75,18,N/A,N/A,52625
151,Kentucky Bourbon Barrel Ale,Wood-Aged Beer,176,18.93,1.099,1.033,8.62,20.79,37.22,22.71,60,1.082,70,1.25,Specific Gravity,All Grain,N/A,20,priming sugar,7 ozs,
152,Julius Clone BYO,American IPA,7,4.73,1.069,1.015,7.11,30.11,5.04,7.57,45,1.043,72,1.3,Specific Gravity,All Grain,N/A,17.78,N/A,N/A,
153,Bakke Brygg American Red Ale 25 L,American Amber Ale,4,25,1.065,1.015,6.61,65.02,16.19,29,90,1.056,74,N/A,Specific Gravity,All Grain,1,18,Sukkerlake,6 5 g sukker/l,18325
154,Hefe Graf (Apple Wheat),Fruit Beer,75,18.93,1.077,1.008,9.08,36.41,10.43,15.14,60,N/A,76,N/A,Specific Gravity,All Grain,N/A,N/A,N/A,N/A,737
155,Hunahpu (clone),Russian Imperial Stout,132,22.71,1.13,1.036,12.35,114.57,40,34.07,180,1.086,80,1.25,Specific Gravity,All Grain,1,16.67,Corn sugar,2.5oz,
156,EAST meets WEST Double IPA (Batch #3),Imperial IPA,86,22.71,1.081,1.014,8.82,124.23,5.8,28.39,60,1.059,75,1.33,Specific Gravity,All Grain,0.35,19.44,N/A,N/A,
157,Pineapple Pale,Fruit Beer,75,18.93,1.061,1.011,6.54,69.12,11,22.71,60,N/A,75,N/A,Specific Gravity,extract,N/A,N/A,Corn Sugar,3/4 cup,1477
158,Infinite spunky cage: Session IPA,American Pale Ale,10,30,1.042,1.01,4.24,47.19,9.46,28,60,1.045,81,N/A,Specific Gravity,BIAB,0.75,19,N/A,N/A,52625
159,Cinnamon apple brown ale,Fruit Beer,75,18.93,1.05,1.012,4.89,32.53,18.01,11.36,60,N/A,75,N/A,Specific Gravity,Partial Mash,N/A,N/A,Corn sugar dextrose,.5 oz,
160,Highlander Chocolate Coffee Porter,Robust Porter,129,83.28,1.057,1.016,5.41,24.84,39,83.28,60,1.055,25,N/A,Specific Gravity,extract,N/A,20,None/Forced Carbonation,N/A,
161,Golden Challenge,British Golden Ale,35,27,1.05,1.009,5.37,35.29,6.52,28,60,1.048,83,N/A,Specific Gravity,BIAB,0.75,19,N/A,N/A,52625
162,Caribou Slobber,American Brown Ale,6,18.93,1.051,1.014,4.8,15.59,25.1,9.46,60,N/A,100,N/A,Specific Gravity,extract,N/A,N/A,N/A,N/A,
163,Bakke Brygg Pale Ale 20 l,American Pale Ale,10,20,1.053,1.011,5.59,38.44,5.57,24,60,1.044,72,N/A,Specific Gravity,All Grain,N/A,18,Sukkerlake,6 g sukker/l,18325
164,#54 Amarillo Smash Pilsner,German Pilsner (Pils),81,14.38,1.056,1.014,5.53,25.8,3.32,15.14,30,1.053,35,N/A,Specific Gravity,extract,0.5,18.33,N/A,N/A,
165,Boulevard Pale Ale Clone,American Pale Ale,10,20.82,1.052,1.013,5.05,27.42,9.47,28.39,60,1.038,75,1.5,Specific Gravity,All Grain,1,19.44,N/A,N/A,5889
166,Uinta Wyld Clone CYBI recipe,American Pale Ale,10,20.82,1.054,1.013,5.45,11.93,6.52,28.39,90,N/A,70,N/A,Specific Gravity,BIAB,N/A,N/A,N/A,N/A,993
167,Rodenbach Grand Cru Clone,Flanders Red Ale,71,21.77,1.06,1.005,7.22,18.07,15.25,31.23,60,1.042,73,1.3,Specific Gravity,All Grain,0.75,20,N/A,N/A,1569
168,Heavenweizen,Weizen/Weissbier,170,41.64,1.062,1.014,6.3,18.89,5.9,45.42,60,1.056,80,1.2,Specific Gravity,All Grain,0.5,22.22,N/A,N/A,
169,Basic Irish Red Ale,Irish Red Ale,92,18.93,1.053,1.015,5.03,28.85,16.42,24.61,90,1.041,75,1.5,Specific Gravity,All Grain,N/A,N/A,N/A,N/A,482
170,Speidel #4 Lucky Jack APA,American Pale Ale,10,25,1.056,1.013,5.59,28.57,11.36,28,60,N/A,75,N/A,Specific Gravity,All Grain,0.75,N/A,N/A,N/A,10010
171,Raging Bitch Clone,Imperial IPA,86,20.82,1.088,1.023,8.53,75.14,12.22,26.5,90,N/A,65,N/A,Specific Gravity,All Grain,N/A,N/A,N/A,N/A,955
172,St. Bernardus Abt. 12 Clone,Belgian Dark Strong Ale,21,11.36,1.102,1.025,10.21,21.56,40,12.3,60,1.095,20,N/A,Specific Gravity,extract,1.25,20,N/A,N/A,22270
173,Traditional Berliner Weisse,Berliner Weisse,27,41.64,1.039,1.01,3.87,6.13,2.89,53,45,N/A,72,N/A,Specific Gravity,All Grain,N/A,N/A,N/A,N/A,380
174,Showing Her My O Face (Sam Adams Oktoberfest...,Oktoberfest/M�rzen,115,41.64,1.056,1.014,5.53,16.87,12.91,49.21,90,1.048,70,N/A,Specific Gravity,All Grain,1.5,15.56,Forced,12,15241
175,They Stole Our Fleg - Irish Red,Irish Red Ale,92,21,1.046,1.008,4.98,26.72,9.67,28,90,1.035,75,6.097,Specific Gravity,All Grain,N/A,20,N/A,N/A,5560
176,Honey Nut Cheerio,Northern English Brown,113,18.93,1.053,1.013,5.21,0,9.8,18.93,60,N/A,75,N/A,Specific Gravity,Partial Mash,N/A,N/A,N/A,N/A,
177,Helles Lager,Munich Helles,109,20.82,1.048,1.011,4.9,24.55,3.4,25.55,90,N/A,70,N/A,Specific Gravity,All Grain,N/A,N/A,Keg,10 psi,
178,Raging Red Irish Red Ale,Irish Red Ale,92,20.82,1.055,1.015,5.22,34.36,15.23,28.39,60,1.035,72,1.5,Specific Gravity,All Grain,1,16.67,N/A,N/A,5889
179,Flowers & Wood - Farmhouse Saison,Saison,134,21,1.061,1.01,6.76,33.08,9.83,28,90,1.039,75,5.04,Specific Gravity,All Grain,N/A,21,N/A,N/A,5560
180,Victory Dirtwolf Clone,Imperial IPA,86,20.82,1.095,1.027,8.98,136.74,6.31,22.71,65,1.087,35,N/A,Specific Gravity,extract,N/A,20,N/A,N/A,
181,3 FLoyds Zombie Dust,American IPA,7,45.42,1.065,1.015,6.6,35.44,8.47,56.78,90,1.052,75,1.5,Specific Gravity,All Grain,N/A,N/A,N/A,N/A,
182,Sip of Sunshine Clone,American IPA,7,45.42,1.072,1.014,7.69,100.06,6.65,51.1,60,1.064,75,1.5,Specific Gravity,All Grain,N/A,17.78,N/A,N/A,
183,Nothing Fancy Milk Chocolate Stout,Sweet Stout,162,41.64,1.06,1.022,4.99,24.51,39.5,49.21,60,1.05,75,N/A,Specific Gravity,All Grain,N/A,N/A,Corn Sugar,4 OZ,
184,Asamushi Japanese Dry Pilsner,Classic American Pilsner,40,13.25,1.054,1.012,5.46,13.67,3.13,18.93,90,1.038,72,1.5,Specific Gravity,All Grain,1.5,11.11,N/A,N/A,
185,Bakke Brygg Wit 20 l,Witbier,175,20,1.047,1.01,4.9,14.36,3.54,25,90,1.038,73,N/A,Specific Gravity,All Grain,N/A,20,Sukkerlake,7 g sukker/l,18325
186,Traditional German Gose,Gueuze,83,41.64,1.049,1.01,5.11,12.23,4.47,49.21,90,N/A,72,N/A,Specific Gravity,All Grain,N/A,N/A,N/A,N/A,380
187,NE IPA,American IPA,7,19.87,1.058,1.017,5.42,43.43,4.3,24.61,60,1.047,70,2,Specific Gravity,All Grain,0.75,20,N/A,N/A,39959
188,Farmhouse Saison Pepper/Lemon,Saison,134,41.64,1.05,1.01,5.27,31.51,3.37,56.78,90,N/A,70,N/A,Specific Gravity,All Grain,N/A,N/A,N/A,N/A,380
189,Stone 15th anniversary esocdidian black ipa ...,Imperial IPA,86,18.93,1.11,1.031,10.37,164.95,40,24.61,60,N/A,75,N/A,Specific Gravity,All Grain,N/A,N/A,N/A,N/A,
190,Yeti Imperial Stout (Great Divide Clone),Russian Imperial Stout,132,20.82,1.09,1.019,9.26,88.9,50,24.61,60,1.076,70,1.3,Specific Gravity,All Grain,0.35,21.11,N/A,N/A,
191,Todd the Axe Man (Surly),American IPA,7,22.71,1.074,1.018,7.34,56.49,6.21,26.5,60,1.063,75,1.5,Specific Gravity,All Grain,N/A,N/A,N/A,N/A,45924
192,Centennial Blonde,Blonde Ale,30,20.82,1.041,1.009,4.1,21.02,3.73,24.87,60,N/A,70,N/A,Specific Gravity,All Grain,N/A,N/A,Dextrose,3.1 oz/5 gal,
193,Hop Cliff,N/A,111,18.93,1.093,1.023,9.12,0,14.07,18.93,60,N/A,75,N/A,Specific Gravity,Partial Mash,N/A,N/A,N/A,N/A,
194,Yorkshire Bitter,Special/Best/Premium Bitter,144,21,1.043,1.011,4.25,34.98,13.33,26.5,60,1.034,80,N/A,Specific Gravity,All Grain,0.75,18,N/A,N/A,401
195,Heady Topper Clone,Double IPA,56,20.82,1.076,1.015,8.03,162.53,6.04,26.5,90,1.054,66,1.3,Specific Gravity,All Grain,1,17.78,N/A,N/A,50283
196,Backwoods Bastard Clone,Strong Scotch Ale,160,22.71,1.107,1.033,10.94,64.49,31,32.18,120,1.076,75,1.25,Specific Gravity,All Grain,1.25,14.44,N/A,N/A,
197,Hibiscus Wheat,Weizen/Weissbier,170,37.85,1.058,1.014,5.78,22.17,9.1,45.42,60,N/A,75,N/A,Specific Gravity,All Grain,N/A,N/A,N/A,N/A,1128
198,#44 Citra IPL,American IPA,7,19.31,1.061,1.011,6.5,75.44,9.89,24.61,30,1.048,35,N/A,Specific Gravity,extract,1.25,15.56,N/A,N/A,
199,Pineapple Hefeweizen,Weizen/Weissbier,170,20.82,1.054,1.013,5.28,16.9,6.68,28.39,60,1.039,70,N/A,Specific Gravity,All Grain,N/A,20,Corn Sugar,8 oz,
200,Cream of Three Crops,Cream Ale,45,20.82,1.044,1.012,4.15,18.13,2.56,17.03,90,N/A,75,N/A,Specific Gravity,BIAB,N/A,N/A,Dextrose,4.8 oz / 136 grams,
201,Bakke Brygg Saison 25L GAMMEL,Saison,134,25,1.06,1.008,6.77,24.46,5.28,30,90,1.05,72,N/A,Specific Gravity,All Grain,N/A,18,N/A,N/A,18325
202,Belgian Trippel,Belgian Tripel,26,18.93,1.087,1.021,8.69,45.4,5.38,28.39,90,1.058,65,N/A,Specific Gravity,BIAB,N/A,N/A,N/A,N/A,
203,Chocolate cherry porter,Robust Porter,129,18.93,1.072,1.018,7.12,0,39.03,22.71,60,N/A,75,N/A,Specific Gravity,All Grain,N/A,N/A,N/A,N/A,
204,Any Colour You Like,American Pale Ale,10,23,1.054,1.01,5.77,36.64,5.65,28,60,1.044,78,3,Specific Gravity,All Grain,0.5,19,N/A,N/A,46027
205,Chocolate Orange Stout,Russian Imperial Stout,132,22.71,1.096,1.027,9.18,35.95,29.92,28.39,60,N/A,70,N/A,Specific Gravity,All Grain,N/A,N/A,N/A,N/A,3750
206,Bruxelles Blonde Clone (?),Belgian Pale Ale,24,3.79,1.056,1.013,5.63,19.2,4.77,4.73,60,N/A,70,N/A,Specific Gravity,All Grain,N/A,N/A,Honey,3 TB,2824
207,Chocolate Mint Stout,American Stout,12,7.57,1.087,1.025,8.08,50.44,31.77,9.46,60,N/A,70,N/A,Specific Gravity,All Grain,N/A,N/A,Corn Sugar,42.9 g,
208,Sierra Navada Kellerweis Clone,Weizen/Weissbier,170,18.93,1.049,1.012,4.82,18.38,4.98,15.14,60,N/A,35,N/A,Specific Gravity,extract,0.35,24.44,Table Sugar,7oz or 14 Tbsp for 3.5 CO2,15224
209,Obsidian Stout,American Stout,12,22.71,1.069,1.017,6.75,58.76,40,29.34,90,1.053,70,N/A,Specific Gravity,All Grain,N/A,N/A,N/A,N/A,
210,Bell's Two Hearted Ale Clone,American IPA,7,22.71,1.07,1.016,6.99,67.84,6.96,30.28,75,1.052,70,1.25,Specific Gravity,All Grain,0.75,20,N/A,N/A,20984
211,Sleeper Street | Trillium Brewing  (approxim...,American IPA,7,21,1.067,1.014,6.91,73.25,4.96,25,60,1.056,73,N/A,Specific Gravity,BIAB,0.75,19,N/A,N/A,54364
212,West Coast CITRA IPA,American IPA,7,45.42,1.068,1.012,7.38,122.86,6.55,64.35,90,N/A,70,N/A,Specific Gravity,All Grain,N/A,N/A,N/A,N/A,380
213,Plinian Legacy Double IPA,American IPA,7,22.71,1.076,1.018,7.64,67.76,5.85,30.28,90,1.057,75,1.75,Specific Gravity,All Grain,1,19.44,N/A,N/A,5889
214,Mint Chocolate Stout,American Stout,12,18.93,1.102,1.024,10.26,79.21,40,18.93,60,N/A,35,N/A,Specific Gravity,extract,N/A,N/A,Corn Sugar,4 oz,
215,Bad Bread,Weizen/Weissbier,170,60.57,1.046,1.011,4.58,12.04,3.33,71.92,60,1.039,70,1.5,Specific Gravity,All Grain,0.35,20,N/A,N/A,16682
216,Oktoberfest,Oktoberfest/M�rzen,115,20.82,1.062,1.015,6.06,50.58,9.25,26.5,90,N/A,70,N/A,Specific Gravity,All Grain,1.5,10,Keg,10psi,
217,White House Honey Porter (Official Recipe)...,Brown Porter,37,20.82,1.053,1.012,5.37,25.91,24.79,11.36,60,N/A,25,N/A,Specific Gravity,extract,N/A,N/A,Dextrose,3/4 Cup,
218,Focal Banger Clone,American IPA,7,20.82,1.066,1.013,6.98,125.78,6.75,26.5,90,1.052,66,1.3,Specific Gravity,All Grain,1,20,Forced Carbonation,N/A,50283
219,Belgian Tripel,Belgian Tripel,26,28.39,1.082,1.01,9.42,41.93,4.72,28.39,90,1.068,73,N/A,Specific Gravity,All Grain,N/A,N/A,N/A,N/A,1569
220,Maple Bourbon Porter,Robust Porter,129,20.82,1.062,1.012,6.5,40.18,27.53,26.5,60,1.049,75,N/A,Specific Gravity,All Grain,0.75,20,Keg Carbonation,2.4 vols,
221,PALE ALE 2.0,American Pale Ale,10,21.77,1.057,1.017,5.29,57.28,8.4,26.5,60,1.047,73,2.96,Specific Gravity,All Grain,0.35,20,N/A,N/A,
222,Miller Lite Clone,American Light Lager,9,20.82,1.04,1.007,4.41,14.69,2.48,30.66,90,1.027,80,1.5,Specific Gravity,All Grain,N/A,N/A,N/A,N/A,
223,Heavy Hard Cherry Apple Cider,English Cider,64,18.93,1.063,1.001,8.11,0,7.17,18.93,60,N/A,70,N/A,Specific Gravity,extract,N/A,N/A,N/A,N/A,2938
224,Irish Death Clone,Sweet Stout,162,20.82,1.105,1.026,10.3,59.26,40,24.61,60,N/A,75,N/A,Specific Gravity,Partial Mash,N/A,N/A,N/A,N/A,
225,' #1 Irish Red Ale (killians clone),Irish Red Ale,92,19.87,1.049,1.009,5.2,20.68,13.91,11.36,50,1.086,35,N/A,Specific Gravity,extract,0.35,18.33,corn sugar,N/A,
226,Pineapple Cider,Fruit Cider,76,20.82,1.047,1.012,4.59,1.19,11.54,28.39,0,1.034,85,N/A,Specific Gravity,All Grain,N/A,21.11,corn sugar,4oz,
227,Kristallweizen,Weizen/Weissbier,170,20.82,1.057,1.014,5.6,0,4.22,18.93,90,N/A,65,2,Specific Gravity,All Grain,N/A,N/A,N/A,N/A,
228,K�lsch,K�lsch,94,20.82,1.047,1.016,4.09,22.76,4.35,27.44,60,1.036,70,2,Specific Gravity,All Grain,0.75,15.56,N/A,N/A,39959
229,NixonBrew - Red Ipa - Flipside Clone,American IPA,7,18.93,1.071,1.013,7.54,79.63,14.8,26.5,60,1.051,75,N/A,Specific Gravity,All Grain,0.75,16.67,N/A,N/A,
230,Session IPA,American IPA,7,19.68,1.045,1.011,4.48,61.29,8.31,11.36,60,N/A,70,N/A,Specific Gravity,extract,N/A,N/A,N/A,N/A,
231,Sumpin' Like Little Sumpin' Sumpin' Wheat IP...,Imperial IPA,86,20,1.074,1.017,7.47,61.78,4.58,28.5,90,N/A,70,N/A,Specific Gravity,All Grain,N/A,N/A,corn sugar,170g,1046
232,Bakke Brygg Belgisk Blond 20 l,Belgian Blond Ale,20,20,1.06,1.01,6.48,17.97,4.58,25,90,1.048,72,N/A,Specific Gravity,All Grain,N/A,19,Sukkerlake,6 5 g sukker/l,18325
233,White IPA,Imperial IPA,86,21.77,1.072,1.014,7.59,91.69,4.52,28.39,90,1.055,73,N/A,Specific Gravity,All Grain,N/A,N/A,N/A,N/A,1569
234,Blackberry Wheat,Specialty Beer,145,22.71,1.053,1.013,5.24,17.79,5.16,11.36,60,N/A,70,N/A,Specific Gravity,extract,N/A,N/A,N/A,N/A,
235,Left Hand Milk Stout (Clone),American Stout,12,20.82,1.07,1.017,6.87,17.15,28.97,26.5,60,N/A,70,N/A,Specific Gravity,All Grain,N/A,N/A,N/A,N/A,453
236,Four Pines Pale Ale,American Pale Ale,10,21,1.053,1.015,4.97,35.03,10.29,11,60,1.1,35,N/A,Specific Gravity,extract,N/A,N/A,N/A,N/A,23391
237,Dry Pale Ale (Chinook/Cascade),American Pale Ale,10,41.64,1.054,1.011,5.57,69.49,5.39,60.57,90,N/A,70,N/A,Specific Gravity,All Grain,N/A,N/A,N/A,N/A,380
238,Dogfish Head 90 Minute Clone,American IPA,7,22.71,1.079,1.018,7.98,0,7.34,30.28,90,1.059,75,1.75,Specific Gravity,All Grain,0.75,18.33,N/A,N/A,5889
239,Kilkenny Clone 5 GAL,Irish Red Ale,92,20.82,1.053,1.014,5.13,27.22,12.01,28.39,90,1.039,65,1.5,Specific Gravity,All Grain,0.5,20,N/A,N/A,
240,Ayinger Brau-Weisse Clone Small Batch,Weizen/Weissbier,170,7.57,1.052,1.013,5.13,14.42,4.01,7.57,60,N/A,35,N/A,Specific Gravity,extract,0.35,23.89,N/A,N/A,15224
241,BC Irish Red,Irish Red Ale,92,20,1.049,1.011,5.03,14.92,20.24,9,75,1.109,50,N/A,Specific Gravity,Partial Mash,N/A,21,N/A,N/A,
242,#41 English IPA,English IPA,65,20.63,1.064,1.012,6.79,79.58,5.11,24.61,60,1.054,35,N/A,Specific Gravity,extract,0.75,20,N/A,N/A,
243,Peach Wheat,Fruit Beer,75,22.71,1.053,1.013,5.25,24.54,6.32,28.39,60,N/A,75,N/A,Specific Gravity,All Grain,N/A,N/A,Corn Sugar,7/8 cup,
244,Sleeman Cream Ale Clone,Cream Ale,45,20.8,1.055,1.015,5.22,19.73,4.74,28.4,60,N/A,70,N/A,Specific Gravity,All Grain,N/A,N/A,N/A,N/A,
245,Citrus Blonde,Blonde Ale,30,20.82,1.054,1.013,5.29,25.08,4.56,26.5,60,1.042,70,N/A,Specific Gravity,All Grain,N/A,N/A,N/A,N/A,8363
246,Spring K�lsch,K�lsch,94,20.82,1.049,1.012,4.84,32.74,3.79,26.5,90,N/A,68,N/A,Specific Gravity,All Grain,N/A,N/A,N/A,N/A,
247,#56 Ringwood Romance,Altbier,1,9.46,1.055,1.015,5.23,21.66,4.41,11.36,30,1.046,35,N/A,Specific Gravity,extract,0.75,23.33,N/A,N/A,
248,The Great Pumpkin....Ale,Spice  Herb  or Vegetable Beer,155,20.82,1.06,1.017,5.7,30.37,13.41,11.36,60,1.111,25,N/A,Specific Gravity,extract,N/A,N/A,Corn Sugar,N/A,1116
249,Summer Citrus IPA,American IPA,7,19,1.064,1.016,6.32,0,6.84,23,60,N/A,64,N/A,Specific Gravity,All Grain,N/A,N/A,N/A,N/A,
250,Chocolate Hazelnut Porter,Brown Porter,37,22.71,1.069,1.017,6.77,38.63,40,28.39,90,1.055,85,1.75,Specific Gravity,All Grain,0.75,19.44,Keg,N/A,
251,Dreaded  Southern Brown Ale - Maris Otter...,Southern English Brown,143,45.42,1.056,1.015,5.42,16.31,20.14,51.1,75,N/A,75,N/A,Specific Gravity,All Grain,N/A,N/A,N/A,N/A,14477
252,Bone Dry Belgian Blonde,Belgian Blond Ale,20,25.36,1.052,1.002,6.54,24.31,3.87,33.5,90,1.032,70,N/A,Specific Gravity,All Grain,N/A,N/A,N/A,N/A,
253,Nice Little Porter,Brown Porter,37,18.93,1.052,1.012,5.25,32.79,22.69,22.71,60,N/A,75,N/A,Specific Gravity,BIAB,N/A,N/A,N/A,N/A,314
254,Cascanookitra,Imperial IPA,86,20.82,1.075,1.014,7.95,64.87,12.08,29.53,75,1.053,75,2,Specific Gravity,All Grain,1,18.33,N/A,N/A,
255,Vanilla Coffee Stout,American Stout,12,18.93,1.05,1.013,4.85,0,32.15,24.61,60,N/A,72,N/A,Specific Gravity,All Grain,N/A,N/A,N/A,N/A,
256,Blue Moon Clone,Witbier,175,20.82,1.035,1.008,3.48,29.43,2.9,11.36,60,N/A,35,N/A,Specific Gravity,extract,0.35,N/A,sugar,N/A,
257,120 Minute IPA Clone,Imperial IPA,86,39.75,1.189,1.038,19.85,165.28,6.79,47.32,120,1.159,80,N/A,Specific Gravity,All Grain,1,N/A,N/A,N/A,5889
258,Citra SMaSH,American Pale Ale,10,18.93,1.065,1.018,6.12,38.79,3.99,22.71,60,N/A,75,N/A,Specific Gravity,All Grain,N/A,16.67,N/A,N/A,
259,Bell's Best Brown Clone - All Grain,Northern English Brown,113,20.82,1.061,1.017,5.76,32.89,19.88,26.5,60,N/A,83,N/A,Specific Gravity,All Grain,N/A,N/A,N/A,N/A,
260,Smoked IPA,Other Smoked Beer,120,20.82,1.073,1.02,6.95,66.15,13.17,24.61,60,N/A,65,N/A,Specific Gravity,All Grain,N/A,N/A,N/A,N/A,955
261,Amarillo Pale Ale,American Pale Ale,10,18.93,1.055,1.014,5.42,75.41,10.41,18.93,60,N/A,70,N/A,Specific Gravity,extract,N/A,N/A,N/A,N/A,
262,Elsa's Lusty Winter Ale V2.6,Winter Seasonal Beer,174,22.71,1.072,1.014,7.63,64.11,24.7,28.66,60,1.052,70,N/A,Specific Gravity,BIAB,0.5,20,N/A,N/A,56565
263,Very Pale Ale,American Pale Ale,10,12,1.049,1.011,5.03,31,5.85,19,60,1.031,65,N/A,Specific Gravity,BIAB,N/A,19,N/A,N/A,
264,American Red Ale,American Amber Ale,4,22.71,1.066,1.016,6.63,49.61,17.09,32.18,60,1.047,72,N/A,Specific Gravity,All Grain,N/A,N/A,N/A,N/A,455
265,Mama's Apple Pie Oatmeal Stout,Oatmeal Stout,114,22.71,1.076,1.028,6.3,16.76,40,28.39,60,1.061,70,N/A,Specific Gravity,All Grain,N/A,N/A,N/A,N/A,1186
266,Fat Tire Amber Ale,American Amber Ale,4,20.82,1.053,1.011,5.44,23.49,13.11,28.39,90,1.039,70,N/A,Specific Gravity,BIAB,N/A,21.11,N/A,N/A,5889
267,Strawberry Milkshake IPA,American IPA,7,20.82,1.078,1.025,6.92,82.1,6.31,27.44,60,1.059,80,1.25,Specific Gravity,All Grain,1,16.67,Corn Sugar,n/a,
268,American Pale Ale,American Pale Ale,10,18.93,1.055,1.015,5.18,42.97,7.91,15.14,60,N/A,70,N/A,Specific Gravity,Partial Mash,N/A,N/A,N/A,N/A,
269,Tonybaga Red (Cigar City Tocobaga Red Clone)...,American IPA,7,41.64,1.075,1.021,7.11,80.04,18.21,53,60,1.059,63,N/A,Specific Gravity,All Grain,0.75,17.78,Force Carbonation,12 PSI,15241
270,Ginger Whirlwind - Golden Ginger Ale,American Pale Ale,10,20.82,1.059,1.015,5.75,39.79,4.98,28.39,60,N/A,80,N/A,Specific Gravity,All Grain,N/A,21.11,Demerara Sugar,3.85 oz,
271,Bluer Moon (Blue Moon Clone),Witbier,175,20.82,1.051,1.013,4.99,0,3.74,24.61,60,N/A,75,N/A,Specific Gravity,All Grain,N/A,N/A,N/A,N/A,
272,Golden Nuggets Pale Ale,American Pale Ale,10,20.82,1.047,1.013,4.51,46.65,4.68,26.5,60,N/A,75,N/A,Specific Gravity,All Grain,N/A,N/A,N/A,N/A,
273,Hopworks IPA Clone,American IPA,7,20.82,15.0428,3.75321,6.11,87.2,8.08,28.39,90,N/A,68,N/A,Plato,All Grain,1.25,18.89,CO2,10 psi,
274,Porter,Brown Porter,37,21,13.1874,3.61072,5.15,29.06,22.65,26,75,N/A,80,N/A,Plato,All Grain,0.35,19,N/A,N/A,12772
275,Imperial Stout,Russian Imperial Stout,132,43.53,1.09,1.021,8.95,83.29,39.77,53,90,1.074,75,1.33,Specific Gravity,All Grain,1.25,17.78,N/A,N/A,2111
276,Nighthawk IIPA,Imperial IPA,86,18.93,1.089,1.022,8.73,145.85,38.71,13.25,60,N/A,99,N/A,Specific Gravity,extract,N/A,N/A,N/A,N/A,
277,Switchback Ale clone Take 1,American Amber Ale,4,20.82,1.047,1.009,5.01,29.82,12.26,28.39,90,N/A,70,N/A,Specific Gravity,All Grain,N/A,N/A,N/A,N/A,1051
278,Vaiduokl?,Belgian Dubbel,22,12.5,1.067,1.012,7.34,24.66,18.57,13.5,60,1.058,78,2.5,Specific Gravity,All Grain,0.5,20,Sucrose,N/A,
279,HopWeary 5.25 gallons,American Pale Ale,10,19.87,1.053,1.014,5.15,72.58,3.79,24.61,60,1.043,70,1.5,Specific Gravity,All Grain,0.75,18.33,N/A,N/A,20138
280,Belgian Red,Irish Red Ale,92,15.14,1.054,1.011,5.64,34.63,15.66,18.93,60,1.044,85,1.2,Specific Gravity,All Grain,N/A,N/A,corn sugar,3/4 cup,
281,Bell's Two Hearted (Official Clone Recipe)...,American IPA,7,20.82,1.063,1.011,6.91,71.93,6.81,26.5,75,1.05,65,1.33,Specific Gravity,All Grain,0.75,17.78,N/A,N/A,49876
282,Apple Cyser with Cherries Mead,Cyser (Apple Melomel),46,3.79,1.156,1.031,16.38,0,6.74,3.79,1,N/A,100,N/A,Specific Gravity,All Grain,N/A,N/A,N/A,N/A,380
283,Summer Citra K�lsch Partial Mash,K�lsch,94,20.82,1.048,1.012,4.76,26.42,3.75,11.36,90,N/A,60,N/A,Specific Gravity,Partial Mash,0.75,19.44,Dextrose,3oz,
284,Guinness Extra Stout Clone,Dry Stout,58,20.82,1.045,1.012,4.3,53.28,40,13.25,60,1.071,70,N/A,Specific Gravity,Partial Mash,0.75,20,Corn Sugar,N/A,20681
285,Claude's House Pale,American Pale Ale,10,15.14,1.053,1.012,5.41,43.31,10.47,17.03,40,1.047,77,N/A,Specific Gravity,All Grain,N/A,N/A,N/A,N/A,314
286,Elder Flower  Rose Hips  Chamomile Mead,Metheglin,104,22.71,1.098,1.005,12.22,0,4.29,22.71,1,N/A,100,N/A,Specific Gravity,All Grain,N/A,N/A,N/A,N/A,380
287,Firestone Walker Double Jack Clone,Imperial IPA,86,41.64,1.088,1.015,9.55,134.37,8.81,51.1,90,1.071,65,1.3,Specific Gravity,All Grain,1,19.44,N/A,N/A,15241
288,Honey nut brown ale biab,Northern English Brown,113,18.93,1.06,1.014,6.04,35.57,18.67,24.61,60,N/A,71,N/A,Specific Gravity,BIAB,N/A,N/A,corn surgar,4oz,1426
289,IRA,Specialty IPA: Red IPA,150,60.57,1.061,1.012,6.37,86.23,16.41,64.35,60,1.057,72,1.25,Specific Gravity,All Grain,1,N/A,N/A,N/A,29247
290,Blue Moon Belgian White,Witbier,175,41.64,1.052,1.013,5.17,12.91,3.87,56.78,90,1.038,65,1.5,Specific Gravity,All Grain,N/A,N/A,N/A,N/A,
291,Lagunitas IPA Clone,American IPA,7,22.71,1.061,1.021,5.36,44.14,8.48,28.47,60,N/A,70,N/A,Specific Gravity,All Grain,0.75,20,N/A,N/A,11048
292,Hill Farmstead Edward Clone- Partial,American Pale Ale,10,9.46,1.068,1.019,6.46,104.04,8.25,7.57,60,N/A,70,N/A,Specific Gravity,Partial Mash,0.35,17.78,N/A,N/A,
293,American Pale Ale Single Hop - Cascade,American Pale Ale,10,20,1.053,1.016,4.83,32.14,4.19,25,60,N/A,75,N/A,Specific Gravity,BIAB,N/A,N/A,N/A,N/A,
294,German pilsner,German Pilsner (Pils),81,17,1.042,1.012,3.97,32.97,2.69,21,90,1.034,75,6.7,Specific Gravity,All Grain,N/A,12,N/A,N/A,21846
295,Total Domination IPA Clone V2 (not there yet...,American IPA,7,20.82,1.067,1.021,6.07,109.29,8.3,26.5,90,N/A,70,N/A,Specific Gravity,All Grain,N/A,N/A,Dextrose,3oz,
296,Alpine Nelson Clone BIAB,American IPA,7,20.82,1.073,1.018,7.13,104.69,5.24,27.82,60,1.054,70,N/A,Specific Gravity,BIAB,0.35,20,N/A,N/A,41347
297,Todd's Common Beer,American Pale Ale,10,20.82,1.061,1.012,6.36,45.81,8.01,28.39,60,1.042,75,N/A,Specific Gravity,BIAB,N/A,19.44,N/A,N/A,5889
298,Tripel Karmeliet Clone,Belgian Tripel,26,20.82,1.08,1.01,9.17,27.51,4.06,28.39,60,1.059,80,1.25,Specific Gravity,All Grain,0.5,24.44,N/A,N/A,56042
299,10 Gallon All Grain Raspberry Wheat,American Wheat or Rye Beer,15,41.64,1.05,1.012,4.89,27.21,6.36,49.21,60,1.042,70,1.5,Specific Gravity,All Grain,0.35,21.11,N/A,N/A,
300,American Dark Wheat,Belgian Specialty Ale,25,24.61,1.052,1.015,4.98,16.78,20.19,30.28,60,1.043,70,N/A,Specific Gravity,All Grain,N/A,18.89,Kegged,N/A,
301,Heady Topper Clone,American IPA,7,20.82,1.075,1.019,7.29,0,6.38,27.44,60,1.053,70,1.5,Specific Gravity,All Grain,0.75,21.11,N/A,N/A,39959
302,�gir IPA Clone,American IPA,7,21,1.071,1.02,6.78,55.04,11.75,28.5,60,N/A,75,N/A,Specific Gravity,All Grain,N/A,20,N/A,N/A,1046
303,Dark Heart Root Beer,Russian Imperial Stout,132,20.82,1.101,1.025,9.9,60.65,40,28.39,60,N/A,75,N/A,Specific Gravity,All Grain,N/A,20,Corn Sugar,4 oz,
304,Golden Session,British Golden Ale,35,20.82,1.042,1.012,3.82,28.39,3.86,28.39,60,1.03,70,1.69,Specific Gravity,All Grain,0.5,21.11,Dextrose,5oz,26090
305,Amendur� (De Molen Amarillo Clone) v4,Belgian Specialty Ale,25,4.5,1.067,1.012,7.21,50.01,26.55,8,60,1.038,60,N/A,Specific Gravity,BIAB,N/A,22,N/A,N/A,18597
306,Imperial Gingerbread Stout,Foreign Extra Stout,72,20.82,1.101,1.024,10.17,82.34,40,28.39,90,1.074,70,1.25,Specific Gravity,All Grain,0.35,19.44,N/A,N/A,345
307,Quaker Maple 'n' Brown Sugar Oatmeal Stout...,Oatmeal Stout,114,20.82,1.052,1.015,4.91,31.39,40,22.71,60,1.048,35,N/A,Specific Gravity,extract,N/A,20,N/A,N/A,
308,Tangelo Lemongrass IPA,American IPA,7,20.82,1.062,1.015,6.26,69.81,6.5,26.5,60,N/A,75,N/A,Specific Gravity,All Grain,N/A,N/A,Keg,N/A,1128
309,B?tyb?,Belgian Dark Strong Ale,21,12.5,1.092,1.013,10.34,32.51,21.33,13.5,60,1.071,80,2.8,Specific Gravity,All Grain,0.75,24,Sucrose + Yeast,N/A,
310,All Day IPA Clone,American IPA,7,20.82,1.042,1.008,4.38,38.58,6.41,28.39,60,1.03,75,N/A,Specific Gravity,BIAB,0.75,19.44,N/A,N/A,13397
311,Banana Chocolate Milk Stout,Sweet Stout,162,17.98,1.065,1.02,5.9,0,2.82,18.93,60,N/A,75,N/A,Specific Gravity,Partial Mash,N/A,N/A,N/A,N/A,
312,Red November,Irish Red Ale,92,22.71,1.054,1.015,5.22,26.43,18.3,29.34,60,N/A,71,N/A,Specific Gravity,All Grain,N/A,N/A,Cane Sugar,102g,2005
313,Medein?,Braggot,32,5.4,1.076,1.014,8.11,27.1,9.72,7.1,75,1.044,85,2.75,Specific Gravity,All Grain,1,19,N/A,N/A,
314,Kona Big Wave Clone,American Pale Ale,10,17.03,1.059,1.016,5.54,37.76,7.07,24.61,60,1.041,80,N/A,Specific Gravity,BIAB,0.5,22.22,N/A,N/A,
315,Beginner's Luck OneHop Pale Ale,American Pale Ale,10,18.93,1.049,1.014,4.6,48.66,10.5,22.71,60,N/A,35,N/A,Specific Gravity,extract,0.35,18.33,N/A,N/A,
316,Bavarian Hefeweizen,Weizen/Weissbier,170,19.87,1.043,1.011,4.26,17.27,3.02,27.44,90,N/A,62,N/A,Specific Gravity,All Grain,N/A,N/A,Cane Sugar,185g,2005
317,Weihenstephaner Wheat Beer,Weizenbock,171,19,1.065,1.016,6.43,14.5,6.82,23,90,1.054,70,3.5,Specific Gravity,All Grain,0.75,21,N/A,N/A,
318,Corona Clone?,International Pale Lager,90,50,1.05,1.014,4.67,19.6,4.15,57.6,60,1.043,70,2.8,Specific Gravity,All Grain,0.35,24,N/A,N/A,
319,Extract White IPA,American IPA,7,19.87,1.069,1.015,7.05,90.86,5.87,11.36,60,1.082,35,N/A,Specific Gravity,extract,N/A,18.33,N/A,N/A,18665
320,Double IPA,American IPA,7,20.82,1.066,1.016,6.47,67.99,14.87,11.36,60,N/A,70,N/A,Specific Gravity,Partial Mash,N/A,N/A,N/A,N/A,
321,IPA Experiment 2 - Munich Malt,American IPA,7,18.93,1.058,1.016,5.47,70.94,10.86,20.82,60,N/A,70,N/A,Specific Gravity,All Grain,N/A,N/A,N/A,N/A,737
322,Belgian Tripel,Belgian Tripel,26,18.93,1.09,1.017,9.6,40.15,7.28,22.71,60,N/A,35,N/A,Specific Gravity,extract,N/A,N/A,N/A,N/A,
323,Northern Brewer's Dead Ringer IPA,American IPA,7,18.93,1.072,1.018,7.07,0,11.24,9.46,60,N/A,75,N/A,Specific Gravity,Partial Mash,N/A,N/A,N/A,N/A,
324,Tripel Karmeliet Clone,Belgian Golden Strong Ale,23,20.82,1.091,1.022,9.06,25.87,5.12,26.5,90,1.071,67,1.5,Specific Gravity,All Grain,N/A,N/A,N/A,N/A,
325,Sierra Nevada Pale Ale clone,American Pale Ale,10,18.93,1.053,1.013,5.31,46.7,6.38,9.46,60,N/A,70,N/A,Specific Gravity,extract,N/A,N/A,corn sugar,3/4 cup,
326,Sweet Baby Jesus Clone,Robust Porter,129,20.82,1.08,1.02,7.77,35.66,47.34,28.39,60,1.058,70,1.5,Specific Gravity,All Grain,1,N/A,N/A,N/A,40209
327,Deschutes Mirror Pond Pale Ale Clone,American Pale Ale,10,19.87,1.057,1.018,5.08,40.08,6.58,31.23,90,1.036,70,1.5,Specific Gravity,All Grain,0.5,18.89,DME,Calculate,
328,Double Chocolate Stout - Young Clone,Sweet Stout,162,79.49,1.069,1.025,5.85,28.78,41.87,87.06,60,1.063,82,1.5,Specific Gravity,All Grain,0.75,20.56,N/A,N/A,
329,Citradelic IPA Clone (New Belgium),American IPA,7,20.82,1.063,1.013,6.49,86.33,9.49,27.25,60,1.048,75,1.5,Specific Gravity,All Grain,0.5,21.11,N/A,N/A,49797
330,Jeremiah Red Clone,Irish Red Ale,92,18.93,1.068,1.014,7.07,0,16.04,24.61,60,N/A,75,N/A,Specific Gravity,All Grain,N/A,N/A,N/A,N/A,
331,Hop-Fu! IPA,Imperial IPA,86,53,1.067,1.015,6.83,83.43,4.98,28.39,90,1.125,77,1.5,Specific Gravity,All Grain,N/A,19.44,Forced CO2,N/A,
332,Sam Adams Noble Pils Clone,Classic American Pilsner,40,20.82,1.048,1.011,4.94,34.33,3.37,25.74,90,1.039,72,N/A,Specific Gravity,All Grain,1.5,13.89,N/A,N/A,15241
333,One Wish Irish Stout,American Stout,12,18.93,1.074,1.021,7.4,85.44,40,22.71,60,N/A,70,N/A,Specific Gravity,All Grain,N/A,N/A,N/A,N/A,737
334,American Pale Ale,American Pale Ale,10,22.71,1.054,1.012,5.55,39.96,7.6,29.34,60,1.042,71,N/A,Specific Gravity,All Grain,0.75,18.33,N/A,N/A,455
335,Coffee Blackout Stout,Russian Imperial Stout,132,20.82,1.098,1.024,9.61,86.79,40,26.5,90,N/A,65,N/A,Specific Gravity,All Grain,N/A,N/A,Force Carb,N/A,955
336,Hop the Planet!,American IPA,7,18.93,1.062,1.011,6.71,66.17,7.47,28.39,90,1.041,70,1.5,Specific Gravity,All Grain,0.5,20,N/A,N/A,28934
337,Be�ir nan Br�de Dandelion Gruit,Spice  Herb  or Vegetable Beer,155,3.79,1.059,1.017,5.71,0,3.36,3.79,60,1.059,85,1.5,Specific Gravity,All Grain,0.35,20,N/A,N/A,40535
338,Zombie Dust Clone,American IPA,7,40,1.055,1.011,5.84,67.22,6.06,50,60,1.044,72,3,Specific Gravity,All Grain,N/A,18,N/A,N/A,33656
339,K�lsch with a kick !!!,K�lsch,94,18.93,1.051,1.012,5.11,36.67,4.28,22.71,90,1.043,80,N/A,Specific Gravity,BIAB,N/A,N/A,N/A,N/A,314
340,Dark Lord clone,Russian Imperial Stout,132,41.64,1.136,1.031,13.69,79.54,50,58.67,120,1.096,70,1.5,Specific Gravity,All Grain,0.5,20,N/A,N/A,
341,Mexican vienna (Victoria Clone),Vienna Lager,167,170.34,1.044,1.011,4.32,22.25,7.19,179.81,90,1.041,70,N/A,Specific Gravity,All Grain,N/A,N/A,N/A,N/A,1164
342,Butterbeer,Specialty Beer,145,8.06,1.07,1.018,6.85,14.14,16.65,11.36,60,N/A,50,N/A,Specific Gravity,extract,N/A,N/A,N/A,N/A,
343,Old Rasputin Clone,Russian Imperial Stout,132,20.82,1.09,1.021,8.99,93.05,32.93,28.39,60,1.066,80,1.5,Specific Gravity,All Grain,1,20,N/A,N/A,
344,Burdel Abstemia Blonde 7.5gal  5 Ago,Blonde Ale,30,28.39,1.041,1.009,4.2,8.77,4.58,34.07,60,1.034,75,N/A,Specific Gravity,BIAB,N/A,23.89,N/A,N/A,
345,JAM! (10G),American IPA,7,41.64,1.063,1.01,7.08,49.78,9.01,47.32,60,1.056,72,N/A,Specific Gravity,All Grain,0.75,20,N/A,N/A,
346,Double Black Rye IPA,Imperial IPA,86,20.82,1.096,1.025,9.3,130.65,37.45,24.61,60,N/A,50,N/A,Specific Gravity,Partial Mash,N/A,N/A,N/A,N/A,
347,Leffe Clone - 20L,Belgian Blond Ale,20,20,1.069,1.022,6.14,25.48,10.28,28.5,60,1.043,70,2.6,Specific Gravity,All Grain,N/A,25,N/A,N/A,42028
348,Mosaic IPL,N/A,111,20.82,1.063,1.016,6.16,68.35,7.67,28.39,60,N/A,78,N/A,Specific Gravity,All Grain,2,10,N/A,N/A,15452
349,Forest Wheataker,Holiday/Winter Special Spiced Beer,85,20.82,1.107,1.024,10.92,64.61,19.23,26.5,60,1.084,70,N/A,Specific Gravity,All Grain,1.25,20,DME,4.5 oz,
350,Belgian Golden Strong Ale,Belgian Golden Strong Ale,23,23.5,1.072,1.009,8.73,31.71,3.23,28.6,90,1.04,75,2.5,Specific Gravity,All Grain,1,N/A,N/A,N/A,
351,Lucky's Red & Snarly,American IPA,7,20.82,1.061,1.019,5.56,86,10.98,11.36,60,N/A,65,N/A,Specific Gravity,extract,N/A,N/A,N/A,N/A,2684
352,Cascade Pale Ale,American Pale Ale,10,21,1.055,1.01,5.86,35.56,5.22,19,90,1.06,79,3.4,Specific Gravity,All Grain,0.5,19,N/A,N/A,47957
353,HopDevil IPA Clone,American IPA,7,18.93,1.063,1.016,6.2,78.19,10.59,18.93,60,N/A,70,N/A,Specific Gravity,extract,N/A,N/A,N/A,N/A,
354,Tiktai (Belgian Single),Belgian Specialty Ale,25,12.5,1.046,1.008,5.06,25.97,3.66,16,55,1.036,85,2.2,Specific Gravity,All Grain,0.5,26,Sucrose,N/A,
355,Hop Hammer,Imperial IPA,86,20.82,1.088,1.016,9.46,340.6,8.23,18.93,90,N/A,70,N/A,Specific Gravity,extract,N/A,N/A,N/A,N/A,
356,Golden NW Extra Special Bitter,Extra Special/Strong Bitter (ESB),68,19.87,1.052,1.014,5.08,50.48,4.4,26.5,60,N/A,75,N/A,Specific Gravity,All Grain,N/A,N/A,Dextrose,3.5oz,
357,Bavarian White Edelweiss,Weizen/Weissbier,170,10.6,1.047,1.013,4.43,20.6,6.13,14.2,60,N/A,65,N/A,Specific Gravity,All Grain,N/A,N/A,N/A,N/A,
358,Hopped and Loaded,American IPA,7,643.52,1.067,1.012,7.23,98.21,6.46,711.66,75,1.061,88,1.25,Specific Gravity,All Grain,0.75,20,N/A,N/A,52796
359,Cascadian Rhythm,Specialty IPA: Black IPA,148,22.71,1.06,1.01,6.82,60.68,27.58,26.5,30,1.052,79,1.61,Specific Gravity,All Grain,1,20,N/A,N/A,34123
360,Holy Grail Pale Ale Saaz,American Pale Ale,10,7.57,1.07,1.018,6.91,38.14,16.01,13.25,60,N/A,75,N/A,Specific Gravity,All Grain,N/A,N/A,N/A,N/A,
361,French Pale Saison,Saison,134,22.71,1.051,1.005,6.09,26.05,5.98,32.18,90,1.036,73,N/A,Specific Gravity,All Grain,N/A,N/A,N/A,N/A,455
362,Wildflower Wheat - Honey Chamomile Wheat,Spice  Herb  or Vegetable Beer,155,19.87,1.052,1.013,5.16,18.47,3.61,24.61,60,N/A,70,N/A,Specific Gravity,BIAB,N/A,N/A,N/A,N/A,993
363,Orange American Wheat,American Wheat or Rye Beer,15,20.82,1.056,1.011,5.95,33.98,10.08,26.5,60,N/A,72,N/A,Specific Gravity,BIAB,N/A,N/A,N/A,N/A,
364,Hard Cider,Common Cider,44,22.71,1.041,1.004,4.89,0,8.67,22.71,0,1.041,75,N/A,Specific Gravity,All Grain,1,20,N/A,N/A,1100
365,SNPA CLONE-ish,American Pale Ale,10,11.36,1.053,1.013,5.31,55.16,6.13,13.25,40,1.046,80,N/A,Specific Gravity,BIAB,N/A,N/A,N/A,N/A,314
366,New Belgium's Citradelic Clone,American IPA,7,18.93,1.058,1.017,5.42,58.91,10.13,20.82,60,1.053,63,N/A,Specific Gravity,All Grain,0.5,15.56,N/A,N/A,24202
367,White Wedding (Allagash White Clone),Witbier,175,20.82,1.053,1.012,5.37,26.47,3.43,30.28,60,1.036,70,1.5,Specific Gravity,All Grain,N/A,N/A,N/A,N/A,
368,Orange Blossom Cream Ale,Cream Ale,45,18.93,1.056,1.017,5.06,14.74,4.98,11.36,60,N/A,72,N/A,Specific Gravity,Partial Mash,N/A,N/A,N/A,N/A,
369,Bakke Brygg Ginger Ale 25 l,Spice  Herb  or Vegetable Beer,155,25,1.044,1.009,4.61,13.41,3.36,30,90,1.037,72,N/A,Specific Gravity,BIAB,N/A,18,N/A,N/A,18325
370,Westbrook IPA clone,American IPA,7,18.93,1.07,1.018,6.79,82.14,6.28,13.25,60,N/A,75,N/A,Specific Gravity,Partial Mash,N/A,N/A,Dextrose,3.5 oz,
371,Chocolate Cherry Bock,Traditional Bock,163,17.03,1.068,1.018,6.52,41.68,15.97,24.61,90,1.047,70,1.25,Specific Gravity,All Grain,1.5,10,CO2,12lbs,396
372,Summertime Hefe,Weizen/Weissbier,170,18.93,1.057,1.013,5.72,14.83,6.07,24.61,60,N/A,75,N/A,Specific Gravity,extract,N/A,N/A,N/A,N/A,
373,Double chocolate stout,American Stout,12,20.82,1.053,1.017,4.75,22.82,35.67,13.25,60,N/A,70,N/A,Specific Gravity,extract,N/A,N/A,N/A,N/A,820
374,AHS Belgian White Beer,Witbier,175,20.82,1.052,1.013,5.01,8.9,4.12,11.36,60,N/A,70,N/A,Specific Gravity,extract,N/A,N/A,N/A,N/A,316
375,Great Lakes Brewing Co. - Edmund Fitzgerald ...,Brown Porter,37,20.82,1.057,1.018,5.13,79.13,34.11,13.25,90,1.089,70,N/A,Specific Gravity,Partial Mash,0.5,16.67,Corn Sugar,N/A,20681
376,Nutella Stout,Sweet Stout,162,10.41,1.089,1.025,8.46,16.28,40,11.36,60,N/A,70,N/A,Specific Gravity,extract,N/A,N/A,corn sugar,2 oz,
377,Smithwicks Clone,Irish Red Ale,92,18.93,1.061,1.016,5.8,36.2,17.43,11.36,60,1.101,45,N/A,Specific Gravity,extract,N/A,N/A,N/A,N/A,30956
378,Sour Blueberry Wit,Witbier,175,22.71,1.047,1.011,4.8,14.95,3.34,26.5,30,1.04,74,1.64,Specific Gravity,All Grain,0.75,18.89,N/A,N/A,34123
379,American Orange wheat,American Wheat or Rye Beer,15,15.14,1.055,1.013,5.44,17.12,4.97,19.49,60,N/A,75,N/A,Specific Gravity,All Grain,N/A,18.33,table sugar - 3.5 vol,5 oz. assuming 3.75 gal,
380,Hefe-Weisse Paulaner Clone,Weizen/Weissbier,170,48,1.052,1.012,5.31,12.17,4.8,60,90,1.042,75,2.5,Specific Gravity,All Grain,N/A,N/A,N/A,N/A,40623
381,Stone Sublimely Self-Righteous Ale (Black IP...,Imperial IPA,86,41.64,1.081,1.015,8.73,84,32.38,49.21,90,1.069,68,1.36,Specific Gravity,All Grain,1,22.22,N/A,N/A,15241
382,Bavarian Hefeweizen,Weizen/Weissbier,170,18.93,1.048,1.012,4.76,16.84,3.17,9.46,60,N/A,90,N/A,Specific Gravity,extract,N/A,N/A,N/A,N/A,
383,112 Klona �l  stigbergets west coast IPA si...,American IPA,7,25,1.058,1.014,5.79,38.55,5.93,28,60,1.052,77,3,Specific Gravity,All Grain,N/A,18,N/A,N/A,
384,Speidel # K�lsch,K�lsch,94,25,1.05,1.013,4.97,25.43,3.29,28.5,70,N/A,80,N/A,Specific Gravity,All Grain,0.75,20,N/A,N/A,10010
385,Soopa Star (Stella Artois Clone),Bohemian Pilsener,31,41.64,1.051,1.013,5,20.26,3.16,49.21,80,1.043,73,1.5,Specific Gravity,All Grain,1.5,8.89,Force Carb,12 PSI,15241
386,Vanilla Cream Ale - 009,Cream Ale,45,18.93,1.088,1.02,8.95,38.58,33.19,18.93,60,N/A,70,N/A,Specific Gravity,extract,N/A,N/A,Priming Sugar,N/A,
387,Big Imperial IPA #1,Imperial IPA,86,18.93,1.091,1.023,8.96,113.94,9.53,11.36,60,N/A,75,N/A,Specific Gravity,extract,N/A,N/A,N/A,N/A,582
388,Cali' Creamin' Clone,Cream Ale,45,18.93,1.052,1.011,5.38,27.92,6.1,23.66,75,1.042,63,1.25,Specific Gravity,All Grain,0.75,16.67,N/A,N/A,
389,This Is Spinal Tap Ale,Imperial IPA,86,15.14,1.072,1.014,7.57,100,8.69,17.98,60,N/A,78,N/A,Specific Gravity,BIAB,N/A,N/A,N/A,N/A,314
390,Dogfish Head 60 Minute IPA,American IPA,7,18.93,1.069,1.021,6.34,47.78,5.5,28.39,60,N/A,70,N/A,Specific Gravity,All Grain,N/A,N/A,N/A,N/A,3209
391,Skittlebrau,Specialty Beer,145,20.82,1.053,1.015,4.99,14.69,8.07,26.5,60,N/A,80,N/A,Specific Gravity,All Grain,N/A,N/A,N/A,N/A,
392,Pauwel Kwak Clone,Belgian Golden Strong Ale,23,20.82,1.09,1.023,9.65,24.89,9.04,26.5,60,1.071,75,1.4,Specific Gravity,All Grain,0.75,21.11,N/A,N/A,
393,Hopstand IPA (v3): Citra Amarillo,American IPA,7,19.68,1.059,1.014,5.88,58.23,5.2,28.39,60,1.041,70,N/A,Specific Gravity,All Grain,0.35,20,N/A,N/A,345
394,Imperial Biscotti Break Clone,Russian Imperial Stout,132,18.93,1.108,1.024,11.14,88.99,50,24.61,60,1.083,60,N/A,Specific Gravity,BIAB,0.75,18.89,N/A,N/A,
395,Dragonmead Final Absolution,Belgian Tripel,26,20.82,1.084,1.019,8.47,0,6.1,24.87,60,N/A,75,N/A,Specific Gravity,All Grain,N/A,N/A,N/A,N/A,
396,Cider,English Cider,64,8.06,1.045,1.001,5.81,0,3.7,7.57,60,N/A,70,N/A,Specific Gravity,extract,N/A,N/A,N/A,N/A,
397,Kilkenny Irish Cream Ale Clone,Irish Red Ale,92,20.82,1.054,1.013,5.34,29.37,27.63,24.61,60,1.046,70,1.5,Specific Gravity,All Grain,0.5,20,N/A,N/A,72040
398,Cubby Claus Spiced Maple Christmas Porter...,Robust Porter,129,18.93,1.062,1.014,6.29,41.36,23.06,18.93,60,1.062,35,N/A,Specific Gravity,extract,0.75,21.11,Kreamyx,1 package,9218
399,Steroid Stout,Imperial Stout,87,20.82,1.142,1.03,14.61,84.06,50,26.5,90,1.111,72,1.25,Specific Gravity,All Grain,1.25,20,Keg,N/A,
400,Punk IPA clone test 1,American IPA,7,23,1.063,1.016,6.18,68.93,6.65,32.5,60,N/A,70,N/A,Specific Gravity,All Grain,N/A,20,N/A,N/A,1046
401,Russian Imperial Stout,Russian Imperial Stout,132,20.82,1.097,1.024,9.58,98.84,50,28.39,60,1.071,70,1.5,Specific Gravity,All Grain,N/A,N/A,N/A,N/A,
402,HellaNutella Imperial Milk Stout,Russian Imperial Stout,132,37.85,1.089,1.021,8.98,61.1,40,53,60,N/A,25,N/A,Specific Gravity,extract,N/A,N/A,Corn Sugar,6.6oz to 1 cup water,3785
403,Dead Ringer IPA - Northern Brewer,American IPA,7,18.93,1.066,1.018,6.34,65.01,8.19,24.61,60,1.051,75,N/A,Specific Gravity,All Grain,N/A,20,N/A,N/A,8348
404,Saison,Strong Bitter,159,22.71,1.05,1.013,4.85,28.92,7.49,26.5,60,1.043,72,2.18,Specific Gravity,All Grain,0.75,10,N/A,N/A,
405,"Spiced Porter V3.1 ""Fatty St. Nick's Porter""...",Robust Porter,129,18.93,1.064,1.019,5.93,33.81,25.9,22.71,60,N/A,70,N/A,Specific Gravity,All Grain,N/A,N/A,N/A,N/A,
406,Milk Stout - Espresso Coffee,Sweet Stout,162,43.53,1.06,1.015,5.86,32.75,40,53,90,N/A,70,N/A,Specific Gravity,All Grain,N/A,N/A,N/A,N/A,380
407,Left Hand Milk Stout Clone,Sweet Stout,162,20.82,1.054,1.013,5.31,22.34,38.61,28.39,60,N/A,65,N/A,Specific Gravity,All Grain,N/A,N/A,N/A,N/A,8661
408,BOURBON VANILLA IMPERIAL PORTER,Russian Imperial Stout,132,20.82,1.093,1.023,9.11,43.36,40,27.44,70,1.07,73,N/A,Specific Gravity,All Grain,N/A,N/A,N/A,N/A,
409,Captain Hooked on Bitters: Redhook ESB Clone...,Extra Special/Strong Bitter (ESB),68,41.64,1.05,1.013,4.86,19.43,14.37,49.66,75,N/A,67,N/A,Specific Gravity,All Grain,0.75,19.44,N/A,N/A,
410,American IPA,American IPA,7,11,1.056,1.012,5.69,45.04,6.79,16,60,1.038,60,3,Specific Gravity,All Grain,N/A,18,N/A,N/A,
411,Red Ale V2,American Amber Ale,4,27,1.052,1.007,5.98,35.4,12.53,40,60,1.035,64,3,Specific Gravity,All Grain,N/A,22,N/A,N/A,33656
412,Dark Days Porter,Robust Porter,129,29,1.061,1.014,6.17,29.71,40,35,75,1.051,75,2.5,Specific Gravity,All Grain,0.5,20,N/A,N/A,16724
413,NE IPA: Citra/Mosaic/Galaxy,American IPA,7,16.09,1.07,1.018,6.79,111.94,4.45,23.66,90,1.047,75,N/A,Specific Gravity,BIAB,0.75,16.67,N/A,N/A,
414,2014 - 7/28 - Heady Topper Clone,Imperial IPA,86,20.82,1.065,1.013,6.87,132.56,7.06,24.61,90,1.055,70,1.5,Specific Gravity,All Grain,0.75,18.89,N/A,N/A,
415,Belgian Quadruple,Belgian Dark Strong Ale,21,20.82,1.093,1.021,9.51,48.33,26.84,13.25,60,1.147,35,N/A,Specific Gravity,extract,2,23.33,N/A,N/A,
416,Black Sand Cascadian Ale,American IPA,7,20.82,1.072,1.019,6.95,116.08,40.69,26.5,60,1.056,75,N/A,Specific Gravity,All Grain,N/A,N/A,N/A,N/A,1186
417,Bakke Brygg Pale Ale GAMMEL 25 L,American Pale Ale,10,25,1.052,1.01,5.42,37.02,5.78,29,60,1.045,72,N/A,Specific Gravity,All Grain,N/A,18,Sukkerlake,6 g sukker/l,18325
418,Brewing Classic Styles - American Wheat (Yea...,American Wheat or Rye Beer,15,18.93,1.04,1.01,3.94,22.16,4.25,24.61,60,1.031,52,N/A,Specific Gravity,All Grain,0.75,N/A,N/A,N/A,
419,Arrogant Bastard Clone,Old Ale,116,22.71,16.6131,4.33412,6.7,90.07,17.08,28.39,90,N/A,70,N/A,Plato,All Grain,1,20,N/A,N/A,2938
420,Maris Otter Centennial SMaSH,American IPA,7,20.82,15.4102,4.48111,5.94,69.27,6.66,28.39,60,N/A,70,N/A,Plato,All Grain,N/A,N/A,N/A,N/A,2938
421,Farmhouse Basil,Belgian Specialty Ale,25,41.64,1.042,1.008,4.45,28.28,3.07,60.57,90,N/A,70,N/A,Specific Gravity,All Grain,N/A,N/A,N/A,N/A,380
422,Pineapple IPA,American IPA,7,20.82,1.062,1.017,5.88,66.87,7.04,28.39,60,N/A,65,N/A,Specific Gravity,All Grain,N/A,N/A,N/A,N/A,
423,Black Butte Porter Clone,Robust Porter,129,18.93,1.053,1.016,4.92,30.72,27.77,26.5,60,N/A,75,N/A,Specific Gravity,All Grain,N/A,N/A,N/A,N/A,
424,The Innkeeper,Special/Best/Premium Bitter,144,18.93,1.043,1.01,4.31,38.78,7.62,9.46,60,N/A,100,N/A,Specific Gravity,extract,N/A,N/A,N/A,N/A,
425,New belgium slow ride,American IPA,7,20.82,1.046,1.01,4.61,50.2,7.79,28.39,60,1.033,70,1.5,Specific Gravity,All Grain,N/A,N/A,N/A,N/A,
426,Sip of Sunshine Clone,American IPA,7,22.71,1.079,1.015,8.46,111.52,8.26,26.5,60,1.068,72,N/A,Specific Gravity,All Grain,N/A,17.78,N/A,N/A,49876
427,Julebryg - Xmas Brew,Holiday/Winter Special Spiced Beer,85,21,1.059,1.016,5.56,5.9,10.82,11,30,N/A,75,N/A,Specific Gravity,Partial Mash,N/A,N/A,Drops,2/750ml Bottles,
428,Session Hopped Mead,Braggot,32,3.79,1.055,1.012,5.61,69.25,5.1,4.73,1,N/A,100,N/A,Specific Gravity,All Grain,N/A,N/A,N/A,N/A,380
429,La Fin du Monde Clone,Belgian Tripel,26,19.87,1.088,1.02,8.91,25.52,5.22,11.36,60,1.153,35,N/A,Specific Gravity,extract,N/A,N/A,N/A,N/A,26977
430,18/06/2017 Red Ale,Irish Red Ale,92,40,1.059,1.01,6.4,31.19,14.04,46,60,1.051,75,3,Specific Gravity,All Grain,N/A,18,N/A,N/A,45658
431,3 Floyds- Robert the Bruce Clone,Strong Scotch Ale,160,18.9,1.077,1.019,7.56,33.76,25.95,22.7,60,N/A,72,N/A,Specific Gravity,All Grain,0.35,19,Forced Carbonation,2.3 volumes,
432,Bombshell Blonde,Blonde Ale,30,20.82,1.05,1.011,5.03,21.6,7.09,26.5,60,N/A,70,N/A,Specific Gravity,BIAB,N/A,N/A,N/A,N/A,
433,Jacobsen Golden Naked Christmas Ale - 23L...,Belgian Blond Ale,20,23,1.074,1.018,7.34,23.25,8.79,28,60,1.059,70,N/A,Specific Gravity,All Grain,N/A,18,CO2,N/A,
434,Beowulf,Imperial IPA,86,16.09,1.105,1.021,11.01,312.64,12.27,18.93,60,1.089,27,N/A,Specific Gravity,extract,1,17.78,Dme,.5 cup - 4 oz,21242
435,Mudpuppy Porter,Brown Porter,37,20.82,1.064,1.018,6.08,23.44,36.13,26.5,60,N/A,70,N/A,Specific Gravity,All Grain,N/A,N/A,N/A,N/A,152
436,El Paseo Mexican Lager,International Pale Lager,90,20.82,1.056,1.019,4.89,22.25,6.8,28.39,60,1.041,70,N/A,Specific Gravity,All Grain,0.5,17.22,Bottle Condition,4 oz corn sugar,2068
437,Chocolate Maple Porter - #5,Robust Porter,129,5,1.08,1.018,8.05,28.16,40,5.8,60,1.069,65,N/A,Specific Gravity,All Grain,N/A,N/A,N/A,N/A,5390
438,Winter ipa,American IPA,7,9.46,1.062,1.016,6.12,65.39,10.12,12.3,60,1.048,85,N/A,Specific Gravity,All Grain,N/A,N/A,N/A,N/A,314
439,From The Farm Strawberry Wheat,American Wheat or Rye Beer,15,18.93,1.05,1.012,4.97,22.46,6.27,24.61,60,N/A,65,N/A,Specific Gravity,All Grain,N/A,20,N/A,N/A,8363
440,Passionfruit-Mango Wheat,Fruit Beer,75,20.82,1.045,1.011,4.48,26.67,3.54,24.61,60,N/A,70,N/A,Specific Gravity,All Grain,N/A,20,N/A,N/A,
441,Jamil's Blonde Ale,Blonde Ale,30,18.93,1.05,1.014,4.71,20.78,4.09,24.61,60,N/A,70,N/A,Specific Gravity,All Grain,N/A,N/A,N/A,N/A,8363
442,Fuller's London Pride,Special/Best/Premium Bitter,144,45.42,1.044,1.014,4.01,34.24,8.46,53,60,1.038,95,1.25,Specific Gravity,All Grain,1,19.44,N/A,N/A,5889
443,Alaskan Amber Clone,Dusseldorf Altbier,51,41.64,1.053,1.013,5.25,22.58,14.22,49.21,60,1.045,70,1.25,Specific Gravity,All Grain,N/A,N/A,N/A,N/A,10194
444,Kupe's hop AG,American IPA,7,20,1.06,1.017,5.64,70.69,14.09,30,60,1.04,65,N/A,Specific Gravity,BIAB,0.5,18,N/A,N/A,6646
445,"Spotted Cow  ""Clone""",Cream Ale,45,18.93,1.049,1.013,4.7,0,4.2,21.65,60,N/A,75,N/A,Specific Gravity,Partial Mash,N/A,N/A,N/A,N/A,
446,E Champions Farmhouse ale,Saison,134,20.82,1.059,1.012,6.18,24.97,5.01,24.61,70,N/A,75,N/A,Specific Gravity,All Grain,N/A,N/A,N/A,N/A,
447,English Strong Bitter,Extra Special/Strong Bitter (ESB),68,21.77,1.055,1.017,4.96,48.31,13.48,26.5,60,N/A,82,N/A,Specific Gravity,All Grain,N/A,N/A,N/A,N/A,1569
448,Denali saison,Bi�re de Garde,29,9.46,1.057,1.007,6.51,64.09,3.91,9.46,20,1.046,50,N/A,Specific Gravity,extract,1,17.22,N/A,N/A,
449,Bell's Oberon Clone- original,Weizen/Weissbier,170,22.71,1.068,1.019,6.43,19.77,8.44,28.77,60,N/A,75,N/A,Specific Gravity,All Grain,N/A,20,CO2,2.4 volumes,10194
450,Sour cherry saison,Saison,134,20.82,1.065,1.013,6.82,40.36,12.19,26.5,60,N/A,70,N/A,Specific Gravity,All Grain,N/A,N/A,corn sugar,6 oz,
451,Orange/Cinnamon/Vanilla Metheglin,Metheglin,104,18.93,1.134,1.034,13.23,0,5.33,9.46,10,N/A,100,N/A,Specific Gravity,All Grain,N/A,N/A,N/A,N/A,
452,XBEER WEIZENBOCK I,Weizenbock,171,38,1.08,1.02,7.88,22.49,18.94,48,90,1.063,70,4.2,Specific Gravity,All Grain,1,17,N/A,N/A,40623
453,COOP F5 Clone,American IPA,7,18.93,1.069,1.019,6.52,60.18,11.59,26.12,60,1.05,65,1.5,Specific Gravity,All Grain,1,15.56,N/A,N/A,
454,#0014 Tropicalia Clone,American IPA,7,18.93,1.066,1.017,6.43,80.23,7.72,30.28,60,1.041,60.8,N/A,Specific Gravity,BIAB,N/A,18.33,N/A,N/A,
455,Electric IPA,American IPA,7,45.42,1.063,1.014,6.55,68.03,6.73,53,60,1.054,90,1.25,Specific Gravity,All Grain,1,18.89,N/A,N/A,20984
456,BIAB IPA,American IPA,7,20.82,1.06,1.016,5.84,77.85,6.41,22.71,60,N/A,60,N/A,Specific Gravity,BIAB,N/A,N/A,N/A,N/A,
457,Apple Strudel Tripel,Belgian Specialty Ale,25,20.82,1.113,1.032,10.63,2.2,10.31,11.36,40,N/A,75,N/A,Specific Gravity,extract,N/A,N/A,Corn Sugar,3.2 oz,
458,Sam Adams Latitude 48 IPA Clone,American IPA,7,20.82,1.06,1.015,5.88,59.37,9.74,25.74,60,1.048,69,1.5,Specific Gravity,All Grain,0.75,20,N/A,N/A,15241
459,Coffee Oatmeal Stout,Oatmeal Stout,114,18.93,1.05,1.013,4.76,26.41,39.4,11.36,30,1.083,35,N/A,Specific Gravity,extract,N/A,21.11,corn sugar,4 oz,2361
460,Sam Adams Octoberfest Clone,Oktoberfest/M�rzen,115,18.93,1.072,1.021,6.65,28.62,40.98,28.39,60,1.048,70,1.5,Specific Gravity,All Grain,0.35,20,N/A,N/A,
461,Winter Maple Cream Ale,Cream Ale,45,20.82,1.075,1.019,7.34,8.54,15.48,28.39,60,1.055,75,N/A,Specific Gravity,All Grain,N/A,N/A,Maple Syrup,.6 Cup / 6.1 oz,
462,Deschutes Red Chair NWPA clone home brew rec...,American IPA,7,19.87,1.057,1.015,5.54,82.53,8.12,26.5,60,N/A,75,N/A,Specific Gravity,All Grain,N/A,N/A,Dextrose,3.5 oz,
463,Lola's Dirty Blonde Ale/Chocolate Ale,Specialty Beer,145,20.82,1.055,1.011,5.76,27.14,14.8,28.39,60,1.041,70,N/A,Specific Gravity,All Grain,N/A,N/A,Corn Sugar,N/A,482
464,Meantime IPA Clone,English IPA,65,23,1.072,1.017,7.26,36.61,8.45,29,75,N/A,70,N/A,Specific Gravity,All Grain,N/A,22,N/A,N/A,
465,Bitburger Clone,German Pilsner (Pils),81,22.71,1.054,1.013,5.45,36.69,3.35,30.28,90,1.041,80,1.25,Specific Gravity,All Grain,N/A,11.11,N/A,N/A,
466,2,American Pale Ale,10,24,1.049,1.013,4.81,42.43,4.61,28,60,1.042,72,N/A,Specific Gravity,All Grain,N/A,N/A,N/A,N/A,44768
467,Wit0915,Witbier,175,23,1.05,1.012,4.96,16.25,4.64,22,60,1.052,78,3,Specific Gravity,All Grain,0.75,N/A,N/A,N/A,
468,NixonBrew - This Stuff Will Make You a G** D...,American IPA,7,18.93,1.07,1.013,7.44,66.16,6.56,26.5,60,1.05,70,1.3,Specific Gravity,All Grain,0.35,17.78,Bottle,3.8 oz,
469,Irish Red Ale (8 weeks),Irish Red Ale,92,21,1.051,1.014,4.93,42.4,19.98,25,60,1.043,70,2.5,Specific Gravity,All Grain,N/A,20,N/A,N/A,5390
470,Traditional Dunkelweizen,Dunkelweizen,59,19.87,1.057,1.014,5.59,0,15.39,25.55,60,N/A,70,N/A,Specific Gravity,All Grain,N/A,N/A,N/A,N/A,
471,The Proposition,Specialty IPA: Red IPA,150,5,1.07,1.005,8.49,68.9,18.71,9,90,1.039,71,N/A,Specific Gravity,BIAB,N/A,20,N/A,N/A,48505
472,Ky's Maudite,Belgian Dark Strong Ale,21,19.87,1.083,1.021,8.15,26.79,14.37,25.55,60,N/A,70,N/A,Specific Gravity,BIAB,N/A,N/A,N/A,N/A,993
473,Samuel Smith Nut Brown Ale,Northern English Brown,113,20.82,1.057,1.017,5.29,0,17.05,11.36,60,N/A,75,N/A,Specific Gravity,Partial Mash,N/A,N/A,N/A,N/A,
474,Chimay Red Clone,Belgian Dubbel,22,20.82,1.072,1.018,7.11,27.51,18.3,13.25,60,1.114,70,N/A,Specific Gravity,Partial Mash,0.5,21.11,Corn Sugar,N/A,20681
475,West Coast Amber (Chinook/Cascade),American Amber Ale,4,41.64,1.069,1.016,6.97,101.09,13.07,60.57,90,N/A,70,N/A,Specific Gravity,All Grain,N/A,N/A,forced carbonation,10 psi,380
476,Eld och Radium 2,American Pale Ale,10,5,1.054,1.015,5.33,43.1,9.09,8,60,1.034,70,N/A,Specific Gravity,BIAB,N/A,21,N/A,N/A,18597
477,Bakke Brygg Robust Porter 23 l Grainfather...,Robust Porter,129,23,1.058,1.014,5.81,37.73,38.45,28,60,1.048,83,N/A,Specific Gravity,All Grain,N/A,18,Sukkerlake,5 5 sukker/l,18325
478,Snifter Grade IIPA (experimental),Imperial IPA,86,19.87,1.077,1.019,8.08,130.47,13.3,28.39,75,N/A,60,N/A,Specific Gravity,All Grain,1,18.33,Dextrose,3.5 oz,
479,Bourbon Barrel Porter,Wood-Aged Beer,176,20.82,1.067,1.02,6.29,57.74,40,26.5,60,N/A,80,N/A,Specific Gravity,BIAB,N/A,N/A,N/A,N/A,898
480,Imperial Saison w/Lemongrass & Ginger,Saison,134,22.71,1.086,1.021,8.43,19.95,11.51,28.39,60,N/A,70,N/A,Specific Gravity,All Grain,N/A,N/A,Corn Sugar? Strong Ale yeast?,??,3750
481,Schwarzbier,Schwarzbier,135,40,13.4728,3.10738,5.57,22.01,21.36,45,60,12,83,N/A,Plato,All Grain,N/A,N/A,N/A,N/A,
482,Cream ale,Cream Ale,45,20.82,1.061,1.017,5.79,27.1,4.32,11.36,60,N/A,75,N/A,Specific Gravity,extract,N/A,N/A,Forced carbonation,N/A,
483,YOUNGS SPECIAL BITTER 1968,Special/Best/Premium Bitter,144,20,1.046,1.014,4.17,34.79,7.22,23,90,N/A,75,N/A,Specific Gravity,All Grain,N/A,N/A,FORCED CARB,N/A,1752
484,Rebel Grapefruit IPA Clone,American IPA,7,20.82,1.064,1.014,6.56,55.41,8.02,24.61,60,1.054,65,1.5,Specific Gravity,All Grain,0.5,N/A,N/A,N/A,18590
485,Three Micks Irish Red Ale 1.2,Irish Red Ale,92,20.82,1.059,1.015,5.66,25.49,18.39,26.5,60,1.046,70,1.5,Specific Gravity,All Grain,0.75,18.89,N/A,N/A,12326
486,Killjoy Quad Damage,Belgian Dark Strong Ale,21,18,23.6839,5.83082,10.05,29.58,21.09,27,90,16.2,72,3,Plato,All Grain,N/A,21,N/A,N/A,
487,May the schwarz bier with you v2,Schwarzbier,135,24,1.048,1.01,4.95,26.93,23.57,45,60,1.025,70,3,Specific Gravity,All Grain,N/A,18,N/A,N/A,33656
488,Russian River Blind Pig Clone,Imperial IPA,86,22.71,1.064,1.013,6.68,75.55,5.89,32.18,60,1.045,70,1.25,Specific Gravity,All Grain,0.75,18.33,N/A,N/A,20984
489,Russian River Pliny the Elder Clone,Imperial IPA,86,45.42,1.085,1.018,8.75,251.23,6.37,56.4,90,1.064,90,1.25,Specific Gravity,All Grain,1.25,18.89,N/A,N/A,20984
490,Speidel #1 IPA,American IPA,7,20,1.066,1.016,6.46,70.37,8.25,28.5,60,N/A,80,N/A,Specific Gravity,All Grain,0.75,22,Table sugar. 18L,113 g,10010
491,Rowdy,American Wheat or Rye Beer,15,20.82,1.064,1.016,6.26,46.69,16.45,28.39,60,1.047,75,N/A,Specific Gravity,All Grain,1,18.89,N/A,N/A,
492,Pumpkin Porter,Brown Porter,37,41.64,1.05,1.008,5.51,33.18,19.59,47.32,60,1.044,72,1.5,Specific Gravity,All Grain,0.5,17.22,N/A,N/A,
493,Imperial Rye IPA,Imperial IPA,86,20.82,1.082,1.021,8.09,103.51,10.97,24.61,60,1.07,78,N/A,Specific Gravity,All Grain,N/A,16.67,corn sugar,4 oz,
494,American Amber,American Amber Ale,4,41.64,1.046,1.008,4.91,45.02,11.11,47.32,60,1.04,72,1.5,Specific Gravity,All Grain,0.75,20,N/A,N/A,
495,Meaghan's IPA,American IPA,7,24.61,1.066,1.02,6.1,48.95,6.44,32.18,90,1.051,75,1.5,Specific Gravity,All Grain,0.75,17.78,Corn Sugar,1.4 oz,
496,Pineapple Chardonnay Sour,Saison,134,22.71,1.053,1.009,5.73,33.81,4.63,26.5,60,1.045,70,N/A,Specific Gravity,All Grain,0.5,17.78,N/A,N/A,2068
497,Major's Milk,Oatmeal Stout,114,20.82,1.071,1.025,5.96,33.24,34.96,24.61,60,1.06,74,N/A,Specific Gravity,All Grain,N/A,N/A,N/A,N/A,
498,TBM Mosaic Pale Ale,American Pale Ale,10,19.87,1.057,1.014,5.56,39.28,7.81,26.5,90,1.042,72,1.25,Specific Gravity,All Grain,1,19.44,N/A,N/A,1345
499,Century  Russian Imperial Stout (new),Russian Imperial Stout,132,20.82,1.169,1.025,18.81,160.74,40,28.39,90,1.124,80,1.5,Specific Gravity,All Grain,1.25,20,N/A,N/A,
500,Indian Summer Pale Ale,American Pale Ale,10,25,1.06,1.017,5.69,12.96,9.27,7,70,1.215,56,3,Specific Gravity,All Grain,N/A,22,N/A,N/A,
501,Dragon's Breath (Spitfire Clone),Extra Special/Strong Bitter (ESB),68,22,1.05,1.014,4.77,38.66,14.17,26,60,1.043,70,3,Specific Gravity,All Grain,0.75,20,N/A,N/A,
502,Maui Big Swell IPA Clone,American IPA,7,20.82,1.064,1.014,6.54,69.39,6.04,26.5,75,1.05,70,1.25,Specific Gravity,All Grain,N/A,19.44,N/A,N/A,18665
503,Autumn's Bounty Imperial Maple Nut Brown Ale...,American Brown Ale,6,20.82,1.091,1.025,8.56,48.98,31.66,32.18,90,N/A,71,N/A,Specific Gravity,All Grain,N/A,N/A,N/A,N/A,1809
504,Bakke Brygg Belgisk Blond 25 L,Belgian Blond Ale,20,25,1.062,1.012,6.52,18.81,4.35,29,90,1.047,77,N/A,Specific Gravity,All Grain,1,18,Sukkerlake,7 5 g sukker/L,18325
505,Thunderstruck Pumpkin Ale AG,American Amber Ale,4,20.82,1.056,1.016,5.27,47.22,18.03,26.5,60,N/A,70,N/A,Specific Gravity,All Grain,N/A,N/A,N/A,N/A,2938
506,"10 gallon All Grain ""Scrap Iron"" IPA",American IPA,7,20.82,1.054,1.013,5.28,74.67,13.29,28.39,60,1.039,70,1.5,Specific Gravity,All Grain,0.35,N/A,N/A,N/A,
507,Cocoa Porter,Baltic Porter,19,19.68,1.074,1.025,6.47,34.93,36.68,28.39,60,1.051,65,N/A,Specific Gravity,All Grain,0.35,18.33,N/A,N/A,345
508,Bakke Brygg Doppelbock 20 L,Doppelbock,54,20,1.079,1.019,7.87,23.82,21.99,26,90,1.061,65,N/A,Specific Gravity,All Grain,N/A,10,N/A,N/A,18325
509,Saison Secale,Saison,134,30.28,1.056,1.006,6.66,22.43,9.97,37.85,60,1.045,70,N/A,Specific Gravity,BIAB,0.35,23.89,N/A,N/A,
510,American Barley Wine,American Barleywine,5,22.71,1.11,1.022,11.58,146.28,15.13,26.5,60,N/A,74,N/A,Specific Gravity,All Grain,N/A,N/A,N/A,N/A,1569
511,Omnipollo Fatamorgana Clone,American IPA,7,9.46,1.082,1.02,8.05,56.58,5.58,11.36,60,1.068,48,1.5,Specific Gravity,All Grain,N/A,16.67,N/A,N/A,
512,Dog Brown Ale (Smutty Nose),American Brown Ale,6,18.93,1.05,1.013,4.82,20.78,24.17,24.61,60,1.038,70,N/A,Specific Gravity,All Grain,0.75,N/A,Dark Brown Sugar,2/3 cup (.66),390
513,Jimmie's Graff version 1,Other Specialty Cider or Perry,121,18.93,1.23,1.023,27.12,2.62,22.96,17.03,90,N/A,75,N/A,Specific Gravity,All Grain,N/A,N/A,N/A,N/A,
514,Sweet Raspberry Wheat,Fruit Beer,75,18.93,1.062,1.015,6.08,23.97,6.23,26.5,60,N/A,75,N/A,Specific Gravity,All Grain,N/A,N/A,N/A,N/A,1086
515,Anchor Liberty Ale Clone,American Pale Ale,10,18.93,1.058,1.015,5.61,47.99,4.3,22.71,60,1.048,60,1.25,Specific Gravity,All Grain,0.75,19.44,N/A,N/A,
516,R�ger,Saison,134,5,1.05,1.009,5.42,23.92,5.62,8,60,1.031,70,3,Specific Gravity,All Grain,N/A,N/A,N/A,N/A,
517,Accumulation IPA Clone,Specialty IPA: White IPA,152,20.82,1.064,1.016,6.41,64.93,4.22,22.71,60,1.059,75,1.25,Specific Gravity,All Grain,N/A,21.11,N/A,N/A,
518,Clone  Goose Island Sophie,Saison,134,20.82,1.061,1.013,6.23,30.98,3.84,26.5,60,1.048,70,1.5,Specific Gravity,All Grain,1,23.89,N/A,N/A,
519,JB's Little Pumpkin Ale,Holiday/Winter Special Spiced Beer,85,20.82,1.072,1.016,7.36,41.45,6.76,26.5,90,1.048,70,1.25,Specific Gravity,All Grain,N/A,N/A,N/A,N/A,
520,American Wheat,American Wheat or Rye Beer,15,20.82,1.05,1.014,4.79,19.5,3.49,28.01,90,N/A,75,N/A,Specific Gravity,All Grain,N/A,N/A,CO2,N/A,396